"productora","n","weighted_mean_votos","weighted_mean_beneficios","weighted_mean_popularidad"
"Kinberg Genre",2,7.09960549758208,545523883,326.920999
"Illumination Entertainment",5,6.67146670773654,674783772.6,234.9200424
"Syncopy",8,7.74569264036534,445616260.5,192.4171875
"Lynda Obst Productions",4,7.92498523829608,136801430.5,192.22636225
"Second Mate Productions",2,6.95382721116355,763329906,142.464997
"Marvel Studios",13,7.10330073481156,597569283.076923,134.586360307692
"Skydance Media",2,6.13140829165994,222037676.5,133.697774
"Fuji Television Network",6,6.41682251954155,638441957.166667,124.341864833333
"The Saul Zaentz Company",2,8,812827882,122.482275
"Marvel Entertainment",8,6.76662599741343,344423268.25,120.9604945
"Babieka",2,5.95821271239773,73593075,115.955391
"China Movie Channel",2,6.46326950466846,706867618,115.6812665
"Imprint Entertainment",3,5.7412870571222,548645144.666667,109.656856
"Moving Picture Company (MPC)",12,6.5763499790451,220965727.25,101.973981416667
"Esperanto Filmoj",2,7.40376478616924,337825465.5,100.481513
"M Productions",2,7.3414875125789,241582798.5,95.223518
"Genre Films",6,6.6795417515275,227469226.333333,93.6588215
"Chernin Entertainment",7,6.70983024520138,210998399.571429,92.5105265714286
"TSG Entertainment",27,6.89461298678491,225369677.962963,92.0941832592593
"Alpha Core",2,6.49420089217044,113270124,92.0189945
"Simon Kinberg Productions",2,6.49420089217044,113270124,92.0189945
"RatPac Entertainment",2,7.06762481089259,231810430,91.4105815
"Walt Disney Studios Motion Pictures",5,6.9318053596615,476878043.6,90.5076088
"Legendary Pictures",34,7.12105214644243,226802856.676471,90.2552234411765
"Revolution Sun Studios",16,6.88241253699628,378552106.0625,89.793976375
"Kennedy Miller Productions",7,6.86693030487393,123226606.571429,89.1592947142857
"Flynn Picture Company",2,5.85542168674699,251945416,88.6273055
"Sikelia Productions",2,7.85091035872007,253402444.5,88.461315
"Gotham Group",3,6.66182244985062,203887980.666667,88.2902346666667
"WingNut Films",11,7.53531661958569,511672954.727273,85.9174947272727
"Temple Hill Entertainment",10,6.33725781334878,342134651.8,85.9064071
"Media Rights Capital (MRC)",2,6.89191143244465,732635974,85.528365
"Heyday films",3,7.39630507219548,530828004.666667,85.3088963333333
"Mad Hatter Entertainment",2,7.54235647074867,397000903.5,83.7385895
"Lightstorm Entertainment",5,7.3505201994425,979976356.8,83.1792138
"TC Productions",3,6.74783205807338,413461371.333333,83.0551353333333
"Pixar Animation Studios",16,7.3878463536327,469299549.25,82.277073125
"Allison Shearmur Productions",2,6.89152579582876,256110831.5,82.0604755
"Right of Way Films",3,7.88207711010768,50245937.3333333,81.3055283333333
"Le Grisbi Productions",4,7.25309832002203,78999314,81.23835125
"DC Entertainment",12,6.93218545830341,286675374.25,79.28269225
"Dentsu",12,6.40909589241339,356260118.416667,79.0660281666667
"Universal Studios",7,6.65867337072133,254969197.571429,77.8218951428571
"Walt Disney Animation Studios",8,7.27810305477528,305602599.25,76.96434625
"Captivate Entertainment",2,5.95310496794872,221028926,76.489048
"Dayday Films",2,6.93180230527419,187510179.5,76.455532
"Heyday Films",10,7.31098550136875,454942814.5,75.3502508
"China Film Co.",3,6.85886282660333,570532932.666667,74.2328846666667
"Crave Films",3,7.17279139481573,55817602.6666667,72.332116
"Radical Studios",2,6.19259259259259,154784286,72.2701255
"Beagle Pug Films",2,6.09300582847627,312628707,71.9643855
"Maverick Films",5,5.70822828329131,335910048.6,70.3511164
"A Band Apart",6,7.85565512978986,122550814.833333,68.582418
"Sierra / Affinity",2,7.24374228585534,98608.5,68.564919
"Pacific Standard",3,7.56844504021448,120837368.333333,68.0855006666667
"Black Bear Pictures",3,7.67034492629168,60121864,67.7984206666667
"International Traders",3,7.45730058305421,171312998.666667,67.7299696666667
"DC Comics",15,7.00194943357166,188812569.266667,67.4103911333333
"Studio Ghibli",4,8.16977116704805,187328169.25,67.209511
"Color Force",8,6.89845135184845,328386811.5,67.174350625
"Red Wagon Entertainment",7,7.02006703172205,149114829.714286,67.0826537142857
"Down Productions",3,7.15096947399821,198754653,66.9408646666667
"RatPac-Dune Entertainment",12,6.60157507117217,202282045.083333,65.2477230833333
"Super Cool ManChu",2,7.65562549173879,136554230.5,65.1887865
"LStar Capital",12,6.49065327932431,78293301.6666667,64.5581053333333
"Hemisphere Media Capital",4,6.46643154857326,303816506.25,64.0704895
"Latina Pictures",3,6.79000756184509,224562074,63.721511
"Jinks/Cohen Company",2,7.78728094968909,197107828,63.5390435
"Alibaba Pictures Group",3,6.8544214249621,249115886,63.1480113333333
"NeoReel",3,6.00402397260274,161536429.666667,62.93468
"Jerry Bruckheimer Films",21,6.66308668470654,217591798.52381,62.7283647142857
"Wigram Productions",3,7.01900646135772,225596262.666667,62.6928723333333
"Mid Atlantic Films",6,6.54769108806236,165750391.333333,62.677912
"QED International",6,6.81562046027984,94952066.8333333,62.5919863333333
"Parkes+MacDonald Image Nation",4,6.37651892142113,228165220,62.30933725
"TF1",2,6.85604569977785,188508413.5,61.589036
"One Race Films",3,6.77952421410365,461319667.666667,60.923226
"Ingenious Media",14,6.77916224670203,177553477.642857,60.5606955714286
"Cruel and Unusual Films",7,6.61434743293479,174359606.285714,60.269115
"Newman/Tooley Films",2,6.72012383900929,120672522.5,60.1018685
"Evergreen Media Group",3,6.86474534919183,277981320.666667,59.6651003333333
"Skydance Productions",10,6.66486669424285,225598039.8,58.8886953
"EMJAG Productions",2,7.71583947816222,123245261.5,58.7559345
"Atomic Monster",2,6.74324236517219,159688520,58.4825905
"Green Hat Films",4,6.70468809360991,208376857.25,58.296856
"Laura Ziskin Productions",5,6.43463399308828,357341788.4,58.1421068
"Bad Robot",10,6.94955812116882,223513547.9,58.0942663
"Roth Films",9,6.27939517466938,240792658.666667,57.7637402222222
"Red Granite Pictures",4,7.29399266609146,152005960.25,57.65569025
"Sony Pictures Entertainment (SPE)",8,6.15540835638375,101527150.375,57.566903
"Kurtzman/Orci",2,7.19704275152684,277370138.5,57.264993
"AR Films",2,5.97083985393845,-11292111.5,57.2506795
"Huayi Brothers Media",4,6.90576271186441,56190205.5,57.20212775
"5150 Action",4,6.2569033530572,87530837.5,57.167889
"CatchPlay",2,7.28075060532688,195666724.5,57.135855
"Fuzzy Door Productions",3,6.18638154844692,216130301,56.8066993333333
"Annapurna Pictures",9,6.61145622327256,95137694.2222222,56.6730783333333
"Brandywine Productions",7,6.80443441466855,119524696,56.6257372857143
"Blue Sky Studios",9,6.52998941681056,419701161.222222,56.5047456666667
"Skylark Productions",2,6.5,424716949,56.3804165
"Gordon Company",3,7.01819777647747,124005756.666667,56.1694633333333
"Grive Productions",5,6.57441108545035,166507149.2,56.1559172
"Anarchos Productions",5,6.64985337243402,21877947.2,56.003698
"Free State Pictures",3,6.44371531966224,73149018.6666667,55.868833
"Nimar Studios",4,6.76557641259006,219160456.75,55.60012975
"Kontsept Film Company",4,6.42385105084155,274128417,55.40432725
"Groucho II Film Partnership",2,7.89600134408602,193258691.5,55.34013
"Perfect World Pictures",2,5.80408710217755,61680342,55.3235775
"Sketch Films",2,6.14340425531915,73233086,55.1643375
"Bold Films",9,7.37200510341123,21583564.7777778,55.055866
"Translux",2,7.08261964735516,66554891.5,54.919835
"Monarchy Enterprises S.a.r.l.",2,7.26957055214724,187411587,54.808364
"Peregrine",2,8.05260441107461,17008687,54.121662
"K/O Paper Products",4,6.92043510753135,100300997.75,53.8741775
"Hypnotic",3,6.95869379797734,168255209,53.6362493333333
"Imaginary Forces",3,6.18836712913554,83699642.6666667,53.548378
"Platinum Dunes",13,6.05264333581534,241333461.538462,53.476866
"TIK Films",3,6.16743308167467,104173037,53.468325
"Point Grey Pictures",5,6.00006319971109,101610498.4,53.055647
"Walt Disney Feature Animation",9,7.30322812520421,201172620.555556,53.0555832222222
"Appian Way",9,7.36895882049859,129059097.888889,52.7268495555556
"Tequila Gang",2,7.37817859254879,38125697,52.6858025
"Volcano Films",2,5.61910569105691,64015914,52.449744
"Hasbro",3,5.48503027742571,154456926.666667,52.3688046666667
"Animal Kingdom",2,6.60875675675676,6337038,52.1723585
"Brownstone Productions",2,7.06833054693098,178428310,52.12169
"Energy Entertainment",2,6.37708779443255,7480822,51.938414
"1492 Pictures",17,6.88056258164939,212940485.411765,51.6661778235294
"Peninsula Films",3,6.67743935801569,176880458,51.451719
"Twentieth Century Fox Animation",11,6.50391233101188,361413826.454545,51.0092305454545
"Film 44",2,6.29653846153846,101660543,51.006383
"Hollywood Gang Productions",3,6.7005339932274,188063490,50.716343
"Sunswept Entertainment",12,6.33717092113529,250813655.833333,50.6268855
"Lucasfilm",15,7.33324573536192,387353980,50.5921842666667
"Zanuck Company, The",4,6.05487517663683,298359833.25,50.1535215
"Hawk Films",3,8.03930575035063,13885882,50.0800356666667
"Hasbro Studios",5,6.07238749570594,630949874.4,49.8165438
"BillBlock Media",2,5.98261851015801,123254551,49.6590385
"Stanley Kubrick Productions",3,7.39104092813406,97072586.6666667,49.36887
"Ludlum Entertainment",2,7.25055137405916,293162177.5,49.297716
"DreamWorks Animation",31,6.6994071791153,293064898.741935,49.2671718064516
"Albert S. Ruddy Productions",2,7.29218436873747,84636082,49.1800055
"Eidos Interactive",2,5.6214404432133,110604364,49.1548435
"Media Rights Capital",12,6.28469164413545,106444918.083333,49.0542239166667
"The Coppola Company",3,8.11378284581061,58861947,48.6431143333333
"Warner Bros. Pictures",7,7.1656304457811,297917193.142857,48.603545
"U-Drive Productions",4,7.58749256395003,232699547.75,48.59706
"Ram Bergman Productions",3,6.39930285561067,5188408.66666667,48.590583
"Shady Acres Entertainment",3,6.09606136936112,131631745,48.5647023333333
"Overbrook Entertainment",10,6.62450667167826,201736906.9,48.4592466
"Estudios Picasso",2,7.56067053513862,31790090,48.409526
"Stillking Films",9,6.79088789463734,109483778.333333,48.3154473333333
"Tim Burton Productions",12,6.4792656587473,156326540,47.9151440833333
"Cott Productions",2,5.97137052087181,72410379,47.8474835
"Double Negative",2,6.7875270679948,173866269,47.822557
"Act III Communications",2,7.70119680851064,29572614,47.8214455
"WideAwake",2,6.4,92001099,47.793294
"Apparatus Productions",2,6.68532329798153,152196452,47.5518955
"Amblin Entertainment",49,6.84994758334249,256878268.306122,47.5197258367347
"See-Saw Films",2,7.45525227460711,205202612,47.371001
"Bazmark Films",4,7.10546448087432,106276654,47.22611275
"Junction Entertainment",2,6.14028268551237,156367818,47.2150355
"Knightsbridge Entertainment",2,6.9067868504772,57020747.5,46.9976535
"Mediastream Vierte Film GmbH & Co. Vermarktungs KG",3,6.57715410107705,119652408.666667,46.794928
"Mark Gordon Productions",3,7.25854554668694,310461152.666667,46.7303563333333
"Studio Babelsberg",26,6.87759099107432,111767663.961538,46.6462170769231
"WV Films II",3,7.04727606951872,144436273,46.6010923333333
"Figment Films",3,7.13026548672566,55262131,46.545087
"Smart Entertainment",2,5.58416068866571,98724221.5,46.448124
"DMG Entertainment",3,6.28259807073955,16266656.3333333,46.2921016666667
"Filmgate Films",2,6.13533512064343,52088945,46.2299625
"Key Creatives",2,7.13235889363616,104672598.5,46.1969585
"SLM Production Group",3,7.38031959629941,107938818.333333,46.0384493333333
"Mostow/Lieberman Productions",2,5.85225577264654,98589447.5,46.024482
"Inferno Distribution",2,7.10457702020202,42039860,45.88498
"Outlaw Sinema",2,5.74601366742597,62790531.5,45.8359835
"Trigger Street Productions",3,5.43006993006993,176645332.333333,45.7428813333333
"Parkes/MacDonald Productions",7,6.7779129241517,170918861.428571,45.6380257142857
"Union Générale Cinématographique (UGC)",2,7.7627656559932,94825587.5,45.5419915
"American Empirical Pictures",4,7.76016969995081,47035727.5,45.49957375
"Atmosphere Entertainment MM",6,6.49391051098756,134333543,45.4008271666667
"MFPV Film",2,6.56061855670103,195987409,45.1657085
"Kennedy/Marshall Company, The",12,6.61270092946966,140349605.416667,45.0649424166667
"Katalyst Films",3,6.61962527023781,76333753.6666667,45.000314
"Blue Tulip Productions",3,6.74902046147148,82080212.3333333,44.617481
"Cinema 84",2,7.3,41104100,44.598211
"Mitsubishi",2,7.97778539595475,178256137,44.568372
"Pacific Data Images (PDI)",8,6.58996172366959,323108222.875,44.466926
"Fipex Holding",2,6.00527210884354,49690620,44.4583255
"Infinitum Nihil",4,6.19796605939606,-2143727.25,44.43065725
"Lawrence Gordon Productions",9,6.54716642507075,57549706.7777778,44.209814
"Marvel Enterprises",16,6.29731003382187,254322792.5,44.185028375
"Riche-Ludwig Productions",2,6.91557469112692,37679027.5,44.1778605
"Madhouse Entertainment",3,7.28219342452604,53397679.3333333,44.145036
"Walt Disney Pictures",112,6.88690620733727,170677464.714286,43.7039724910714
"Atlas Entertainment",13,6.00056423787295,174571608.307692,43.534942
"Province of British Columbia Production Services Tax Credit",6,7.3601716124419,83468056.6666667,43.512458
"Cloud Eight Films",4,6.92174059139785,18296067.5,43.49025025
"Taurus Film",5,8.04192789968652,48576503.2,43.3269116
"Scott Free Productions",28,6.87218928966141,74214303.7142857,43.1242225714286
"Tree Line Films",3,6.53515783376774,106128511.333333,43.096013
"M6",6,6.60665713945457,76575444.3333333,43.0544426666667
"Danjaq",8,6.48676303209652,179504623.125,43.033143375
"Bay Films",2,6.31189620758483,56952100,42.9883975
"Why Not Productions",5,6.22142857142857,67483578.2,42.9609998
"Plan B Entertainment",13,7.195043162199,107704407.076923,42.9145493076923
"Cross Creek Pictures",10,6.84845743603591,74356431.9,42.7791477
"Element Pictures",2,7.94544582933845,21481016,42.7622405
"Mystery Clock Cinema",3,5.98638262322473,38775847.3333333,42.758391
"Indochina Productions",2,6.45541826269616,578174951,42.526406
"Angry Films",2,6.32978944632181,145266856,42.3158605
"Summit Entertainment",51,6.5767828832893,90305011.5490196,42.2229911568627
"Bluegrass Films",7,6.04708664586897,77803655.2857143,42.1661887142857
"Zanuck/Brown Productions",2,7.09729172799529,264559332,42.1111905
"GK Films",10,6.53428744863653,109668614.5,42.0920964
"Barry Mendel Productions",5,7.31541160593792,173557164.6,41.9151326
"Hughes Entertainment",2,6.70158037013932,399838178,41.837306
"Wintergreen Productions",7,6.49867104315107,124228723.142857,41.8193118571429
"Lin Pictures",5,6.86185399532947,136144583.8,41.6721178
"Evolution Entertainment",4,6.72494117647059,117939586.75,41.60856575
"Michael De Luca Productions",9,5.52978557166421,101257071.888889,41.567586
"Disruption Entertainment",2,5.64685565330727,237615752.5,41.534013
"Bad Hat Harry Productions",12,6.71878515185602,217560184.75,41.4987675833333
"C-2 Pictures",2,5.79926818768833,101814739,41.4442875
"Film 4",2,7.81196787148594,36895595.5,41.3712565
"Laika Entertainment",4,7.06136795440152,59296657,41.22826225
"Mark Canton Productions",2,6.35340685309177,112409564,41.1975225
"Big Screen Productions",13,6.49262990746318,167030517.692308,41.1760113076923
"The Zanuck Company",7,6.62153911564626,123421241.571429,41.1314745714286
"Flower Films",3,7.11004868549172,16312056.6666667,40.9594626666667
"Eon Productions",22,6.51085787578314,175879086.318182,40.8743710909091
"Darkwoods Productions",4,7.76018470116745,52922611.5,40.7523395
"Material Pictures",2,5.66609442060086,28162492.5,40.702951
"Big Talk Productions",5,7.06592249855408,27258480,40.7003106
"21 Laps Entertainment",12,6.16310791192838,127124871.083333,40.62294825
"Babelsberg Film",4,6.73082585278276,99120415.5,40.61146425
"M6 Films",8,6.51219765929779,102651246.25,40.591544125
"Rat Entertainment",4,5.94534161490683,78692545.25,40.36191825
"Blumhouse Productions",22,6.29023821634452,77464591.9090909,40.2620984545455
"Kalima Productions GmbH & Co. KG",4,6.89333333333333,75684841,40.026951
"Di Bonaventura Pictures",19,6.15631866534907,196115683.473684,39.9370522105263
"Virtual Studios",7,7.15372583739118,72981910,39.8766771428571
"Thunder Road Pictures",8,6.10966292134832,59496241.5,39.869732625
"Vendome Pictures",2,6.9356442119032,60746536,39.777169
"Protozoa Pictures",6,6.79950275645876,95768540.1666667,39.7513771666667
"VIP Medienfonds 4",2,7.25952572347267,55744602,39.7366735
"Escape Artists",13,6.75440608251278,72499692.6923077,39.7314687692308
"IMF Internationale Medien und Film GmbH & Co. 3. Produktions KG",5,6.26065513433934,40848562,39.6887954
"The Safran Company",6,6.78470310656705,143686601.5,39.6487038333333
"Sony Pictures Animation",12,6.21747728098873,168963070,39.6008150833333
"DNA Films",10,7.11689047419219,40717010.8,39.5248597
"Film Export A.G.",2,6.74760751059964,190838362,39.511128
"Montecito Picture Company, The",4,5.97895279323851,78759275.25,39.49664025
"Hofflund/Polone",2,6.39109707064905,102508057,39.311698
"Aldamisa Entertainment",3,5.94580545548122,-15861407.6666667,39.281839
"Big Kid Pictures",3,6.06899600084193,19952476,39.2792186666667
"Demarest Films",4,5.95934844192635,-1750665.75,39.2410415
"Forward Pass",6,6.37977410034148,88139233.5,39.1959915
"Goldmann Pictures",3,5.60740740740741,47823425.3333333,39.1513176666667
"BenderSpink",12,6.4541004613019,63870827.25,39.0200876666667
"Crystal Sky Pictures",3,5.09105919003115,67722391.3333333,38.9984013333333
"Dune Entertainment",59,6.32635947969288,165703460.79661,38.8931792542373
"ImageMovers",9,6.69582923055282,133148865.888889,38.8175434444444
"New Legacy",2,6.15269320843091,63629673,38.6604345
"The Department of Trade and Industry of South Africa",2,7.26057971014493,80409805.5,38.6595405
"Yucaipa Films",2,6.14979326639102,93074197,38.5729005
"Village Roadshow Pictures",81,6.73487265243118,97846216.8888889,38.3937152592593
"Bandito Brothers",2,6.14305627258647,103275201,38.3864725
"Nitrogen Studios Canada",2,5.55559350982067,56419197.5,38.326835
"Anton Capital Entertainment (ACE)",6,6.75921960072595,66749921.1666667,38.3058751666667
"Good Universe",3,6.05577000402091,143439457,38.2313033333333
"Pearl Street Films",2,5.9094040247678,144311851,38.104794
"Motel Movies",2,7.30357529794149,38060532.5,38.0882375
"Troublemaker Studios",8,6.42033560197137,43787721.625,37.9406575
"Saints LA",2,5.36239682054418,117189108,37.9230525
"Weed Road Pictures",8,6.59675861103332,182584914,37.878450625
"Reliance Entertainment",9,6.83461301738729,107106262.555556,37.8685236666667
"Dark Horse Entertainment",9,6.11615724381625,69585516.5555556,37.8624906666667
"Sony Pictures Releasing",5,5.8144262295082,103212056.4,37.8049214
"Voltage Pictures",4,7.13603330809992,17878689.25,37.670398
"Silver Pictures",33,7.00576824717271,97779630.3636364,37.5382899393939
"The Mirisch Corporation",2,7.90596721311475,14930311.5,37.1856435
"Straight Up Films",2,5.84476744186046,-10281729,37.1624815
"Bedlam Productions",2,7.44030534351145,199605774.5,37.159547
"Amen Ra Films",5,6.16987295825771,46739332.2,37.1409694
"Zide-Perry Productions",7,6.09657485875706,125615547.142857,37.132632
"Aperture Entertainment",2,5.54367666232073,152761855,37.125349
"Kramer & Sigman Films",2,6.57295110798452,43823640.5,37.1235905
"WV Films IV",2,7.3427121102248,193821840.5,37.120677
"Los Hooligans Productions",3,6.75467069892473,16841794,37.0760036666667
"Aegis Film Fund",2,7.50473751600512,206385911.5,36.7323585
"China Film Co-Production Corporation",6,6.41654663923183,162180248.333333,36.6677623333333
"Haunted Movies",2,6.59211723092471,47587516,36.549589
"Envision Entertainment Corporation",3,6.78530204962244,47979058.6666667,36.4852853333333
"Verisimilitude",2,7.07396907216495,10411040,36.4752635
"Walt Disney Productions",7,6.94888924661945,94735836.2857143,36.3820872857143
"Radical Media",3,6.2469362745098,38882487,36.316527
"Warner Bros.",319,6.9707605344296,96638727.0376175,36.2471542633229
"WV Films III",3,6.21608239971088,126049668.666667,36.205926
"Animal Logic",4,6.88583521444695,200029052,36.05754175
"Marc Platt Productions",11,6.7511369871365,74894319.1818182,35.969424
"Chockstone Pictures",4,6.00211106011932,20975576.25,35.91079775
"Digital Image Associates",3,6.99419934640523,141419019.333333,35.7974466666667
"Inside Track Films",2,6.28905472636816,60841931.5,35.781318
"Chambara Pictures",2,6.26014799154334,42305813,35.720522
"Mandeville Films",11,6.11870529011746,58807450.4545455,35.7179593636364
"Strike Entertainment",7,6.56361957525392,55255753.5714286,35.6005245714286
"Jerry Weintraub Productions",8,6.48828965053764,146157892.25,35.566214125
"Parallel Zide",2,5.65515615792575,128527391,35.5167795
"Section Eight",8,6.75806420327805,120104991.875,35.453696375
"1984 Private Defense Contractors",5,6.14149417083036,7323892.8,35.4468172
"Mike Zoss Productions",8,6.93535353535353,82435516,35.440744625
"Misher Films",6,6.03018552875696,60896474.1666667,35.3986981666667
"EuropaCorp",24,6.36897017486219,51132065.5833333,35.2811372916667
"Vendian Entertainment",3,6.38490418459132,5068982,35.2633606666667
"Lionsgate",56,6.62980628974853,67230643.75,35.2295392678571
"Ciné+",12,6.20067385444744,73649876,35.16422825
"Little Bird",3,6.62859903381642,92036361.6666667,35.1293603333333
"Don Carmody Productions",4,6.00816091954023,3049832.75,35.04759975
"Radiant Productions",5,6.58267154301637,154739543,35.003252
"A24",9,7.2551466109806,4408927.88888889,34.9401444444444
"Valhalla Motion Pictures",7,5.9618699369937,78608411.7142857,34.9180821428571
"Cruise/Wagner Productions",14,6.63818764568765,149762497.214286,34.9052282857143
"KMP Film Invest",2,6.25137546468401,46550729,34.8914405
"Bagdasarian Productions",3,5.52721268163804,301087397,34.871888
"Iron Horse Entertainment (II)",3,6.29480340940335,107767121.666667,34.854244
"WT2 Productions",2,7.47634069400631,65519696,34.7765485
"Pacific Western",7,7.34732543895467,77529702.5714286,34.593526
"Team Todd",8,6.94424706649283,153736509.625,34.5830115
"Ingenious Film Partners",29,6.60672180885646,187525206.310345,34.4963210344828
"WCG Entertainment Productions",2,6.55525540275049,132973146.5,34.4220725
"Twisted Pictures",8,6.36690656727927,101436991.5,34.38617
"Twentieth Century Fox Film Corporation",219,6.74672198155394,130264764.881279,34.3046878767123
"Adam Fields Productions",2,7.65326971653101,-8364739,34.2532375
"Practical Pictures",3,5.70797454137027,116591313.333333,34.2256563333333
"Leverage Management",2,6.9640243902439,73697800.5,34.2246425
"Sycamore Pictures",2,7.22914521112255,37031756.5,33.9400645
"Major Studio Partners",5,6.36513513513514,152548562.6,33.8149762
"Evil Twins",2,6.94971031286211,19345363,33.7632695
"Dovemead Films",3,6.41630079402148,139509116,33.7288193333333
"First Light Production",3,6.90010509721492,18329894,33.646355
"Celador Films",4,7.27753723932473,101128310.25,33.600997
"Goldcrest Pictures",12,6.14212202048016,64105863.5833333,33.5832348333333
"ARD Degeto Film",3,6.65582624009392,15598043.3333333,33.5439303333333
"Penn Station Entertainment",2,5.96272493573265,84978070,33.484028
"Media Magik Entertainment",2,6.09285714285714,189029056.5,33.4418695
"FilmNation Entertainment",10,6.99857142857143,51112306.4,33.3968554
"Wonderland Sound and Vision",6,6.01718723619787,61134313.5,33.3966255
"River Road Entertainment",8,7.56542883304507,45704868.875,33.388883
"Hey Eddie",3,5.16567728008635,105581044,33.3238366666667
"FilmDistrict",8,6.62980301101041,21857180.375,33.32333
"Molinare Investment",2,7.49331990600873,187105774.5,33.185328
"Nick Wechsler Productions",6,6.14469065768481,17584354.1666667,33.180813
"American Entertainment Partners L.P.",2,7.25871446229914,41172998,33.006683
"Centropolis Entertainment",10,5.98173213172363,239243274.7,32.9619679
"RT Features",2,6.47453625632378,20496885.5,32.9059595
"Walden Media",18,6.32518117045247,95683231,32.9014685
"Waverly Films",4,6.80536635706914,147391441.25,32.8753295
"Marvel Knights",2,4.8851644506648,40903364,32.867388
"The Ladd Company",8,7.66376012965964,32966323.875,32.81296275
"Filmförderungsanstalt (FFA)",3,7.70480704129993,57094978.3333333,32.8059793333333
"Olive Bridge Entertainment",4,6.52030060511419,71940142.5,32.79742025
"Buckaroo Entertainment",4,5.8541296479105,18152837.75,32.796246
"Spring Creek Productions",5,6.78346409173205,58966114,32.7397838
"Woods Entertainment",2,6.91776103336921,94454425,32.6401195
"Bull's Eye Entertainment",2,7.14157018813314,69412539,32.592058
"Turman-Foster Company",2,7.60144605116796,-20185120,32.5471275
"Bedford Falls Company, The",3,7.05706657173371,174315872.666667,32.533792
"Nina Saxon Film Design",2,6.77918334667734,105713058,32.4134375
"United Plankton Pictures",2,6.19953596287703,173877912,32.4115115
"Brothers Dowdle Productions",2,6.40213869086196,42259436,32.25877
"Splendid Pictures",3,7.43317546767701,111243040.333333,32.243021
"Mark Johnson Productions",2,7.29719197707737,36334936,32.230981
"Horizon Pictures (II)",2,7.7610911701364,42647692.5,32.1981475
"Mace Neufeld Productions",10,6.69804079751066,86870889,32.1845186
"Mimran Schur Pictures",2,7.37213114754098,-7231583.5,32.1801005
"Government of Malta",2,6.55098418844789,305930982,32.1010015
"Marv Films",8,6.42013820335637,33949456.75,32.069635875
"Vertigo Entertainment",16,6.97077725612937,87329017.5,31.9967696875
"Electric City Entertainment",2,6.8,19684559.5,31.9826515
"Dune Entertainment III",26,6.35083953666923,76575027,31.8915684230769
"Versátil Cinema",2,7.29178885630499,61861144,31.88251
"Pariah",3,6.89855072463768,46562509.6666667,31.8469956666667
"Exclusive Media Group",10,6.78474187761611,36269330.8,31.8361046
"Blinding Edge Pictures",8,5.75000907605736,144068579.75,31.828118875
"Ombra Films",2,6.19281210592686,49900379,31.771396
"Open Road Films",10,6.0156191369606,16097265.5,31.7598273
"Original Film",30,6.3336648583484,131932911.866667,31.7541603666667
"Medienboard Berlin-Brandenburg",5,7.5052754982415,35737148,31.715143
"Hammer Film Productions",2,6.308229561451,57438174.5,31.690251
"Relativity Media",102,6.32565434545436,72488872.9607843,31.6839879901961
"Filmstiftung Nordrhein-Westfalen",5,7.52451822171341,49636120,31.6824054
"Universal Pictures",309,6.66392315080438,93490113.1812298,31.6681822653722
"Current Entertainment",7,6.24996250468691,14090754.2857143,31.6233161428571
"Crescendo Productions",2,7.00167400881057,27698754,31.601443
"Columbia Pictures",200,6.45929655693063,87451800.195,31.5782729
"Eric's Boy",3,6.2033966033966,187593168.666667,31.5368583333333
"Ontario Film Development Corporation",2,6.63005747126437,181997931,31.3858585
"Living Films",4,6.14876194189901,45090562,31.3784765
"Gulfstream Pictures",2,6.33516981132075,41747305,31.3441745
"FilmEngine",4,7.23063505042246,32063664,31.3207025
"Solaris Film",2,7.47777777777778,-397278.5,31.3093135
"Regione Lazio",2,7.49775280898876,863479,31.290918
"TF1 Films Production",16,6.45890300463803,31440211.75,31.2796466875
"Zadan / Meron Productions",2,6.80521978021978,85411255,31.232939
"Indian Paintbrush",9,7.40686274509804,23774778.7777778,31.2275164444444
"Parts and Labor",2,6.39741718135879,19528435.5,31.1265555
"LivePlanet",5,6.13119304059652,86672614.2,31.1172788
"Offspring Entertainment",7,6.30818884478797,63620046,31.0514801428571
"Carolco Pictures",9,7.02902855832091,118057682.666667,31.0466316666667
"Bedford Falls Productions",5,7.01788440567067,114634874.8,30.9277672
"Don Simpson/Jerry Bruckheimer Films",6,6.50996280122918,168013694.166667,30.8845841666667
"Warner Bros. Animation",6,7.30178130511464,67919315.5,30.8556863333333
"Reliance BIG Entertainment",5,6.00182589450387,51456439,30.7879006
"STX Entertainment",4,6.25587055362396,71864521,30.73775725
"The Mark Gordon Company",7,6.2370461964586,93735311,30.6632165714286
"Walt Disney",7,6.49009947155735,154238592,30.653928
"R.P. Productions",4,7.29506172839506,28197619.75,30.62011825
"Beverly Detroit",3,7.58910505836576,33324044,30.576184
"Nu Image Entertainment GmbH",3,6.180431510286,6948910,30.53952
"The Kennedy/Marshall Company",12,7.02490773623007,151046897.5,30.5358565833333
"Virgin Produced",4,5.39040740740741,46484145.25,30.514567
"Paramount Pictures",284,6.83828934400825,97073627.3169014,30.4899030669014
"MFP Munich Film Partners GmbH & Company I. Produktions KG",4,6.32428529325081,85942445.5,30.47282
"Bazelevs Production",7,5.82367532905839,53829563.8571429,30.3808992857143
"Internationale Filmproduktion Blackbird Dritte",3,6.90500236705066,138056057.666667,30.3798576666667
"Sony Pictures Entertainment",7,5.91486571879937,60983374.1428571,30.3755621428571
"Playtone",9,6.54329749103943,159905974.888889,30.2622286666667
"Rooks Nest Entertainment",2,6.34614435533621,20023954,30.224306
"Michael London Productions",2,7.05432393693263,70208660,30.193192
"Televisió de Catalunya (TV3)",3,7.14843986670706,75891885.6666667,30.147534
"Closest to the Hole Productions",4,6.54562937062937,31316973.75,30.14044875
"David Brown Productions",3,6.79241472172352,125306360.666667,30.1201646666667
"Jersey Films",15,7.59248955991005,48770267.3333333,30.1137394
"DreamWorks SKG",78,6.83124554936539,127769661.871795,30.0783871282051
"France 3 Cinéma",7,7.34989303178484,43051789.7142857,30.0436318571429
"Fox Animation Studios",2,7.20269340974212,24279491,30.004864
"TAFT Entertainment Pictures",2,6.75049715909091,-1438947.5,29.963946
"Grindstone Entertainment Group",3,5.42547021943574,74350287.6666667,29.9051503333333
"FilmColony",3,7.37673503211104,69561423,29.8618383333333
"VIP 3 Medienfonds",2,6.36085176085176,6913165,29.669986
"Odd Lot Entertainment",5,6.97933837959069,15244401,29.5983508
"Apatow Productions",20,6.3199516510647,66551014.9,29.5902354
"VideoFilmes",2,7.72997635933806,5563044,29.4849315
"Scott Rudin Productions",37,7.06795458048605,59249734.5405405,29.4523154324324
"New Regency Pictures",40,6.81581713203122,61640804.65,29.4139214
"Patalex Productions",2,7.01475256769374,15295500,29.3954375
"Ghoulardi Film Company",6,7.33019915741095,11855190.5,29.3421788333333
"International Production Company",5,5.74390168970814,33406305.6,29.1687516
"Working Title Films",53,6.99325528987097,62692308.8113208,29.1567783584906
"EDKO Film",2,7.18321364452424,98918585,29.1294
"Liberator Productions",2,7.17923930269414,20824588.5,29.097913
"Saturn Films",12,6.28921145547273,27006128.25,29.0605729166667
"Columbia Pictures Film Production Asia",2,7.08617021276596,121913603.5,29.057751
"Nouvelles Éditions de Films (NEF)",3,6.48290293855744,37484935.6666667,28.9613943333333
"Silver Screen Partners IV",4,7.61819561917155,175405712.25,28.9139765
"Nu Image Films",12,5.99338606690174,29566409.25,28.8896375
"Everyman Pictures",5,5.95750463248919,164813508.6,28.8890006
"Tapioca Films",4,7.64008919722498,18604185.75,28.77236775
"The Movie Network",3,6.36939947780679,11557120,28.7474403333333
"Konrad Pictures",6,6.43614606464347,85765461,28.721387
"Hemdale Film Corporation",3,7.45134099616858,54583931.6666667,28.6511903333333
"Millennium Films",28,5.97882863547479,21098353.7857143,28.6484162142857
"Imagenation Abu Dhabi FZ",13,6.32720746590093,67240636.8461538,28.6292720769231
"3 Arts Entertainment",11,6.90003459908312,42689408.6363636,28.4841517272727
"Emmett/Furla Films",12,6.58715606550072,45774523.0833333,28.4609399166667
"Impact Pictures",12,5.95146259590793,45536592.1666667,28.3594071666667
"New Line Cinema",162,6.82790775702985,82465209.462963,28.2467671296296
"Ikiru Films",2,7.08001373626374,53664054.5,28.2413325
"K. JAM Media",2,6.31983953318745,-16089621,28.206088
"Alberta Film Entertainment",3,7.29101899827288,49585184.6666667,28.189175
"Fox 2000 Pictures",55,6.86917453931535,79169815.4363636,28.1887757636364
"Hemdale Film",3,7.28668388914983,16157066.6666667,28.1727983333333
"Flower Films (II)",6,6.2102346677184,87649812.5,28.1650305
"Constantin Film Produktion",20,6.59387701655143,41657266.3,28.12653165
"GAGA",2,7.25034802784223,31709376.5,28.1135005
"Egmond Film & Television",2,5.785,3223510.5,28.106444
"Edge City",2,6.97291536050157,76782145.5,28.084231
"De Line Pictures",10,5.87455245864491,54046734.2,28.0748266
"Smokehouse Pictures",8,6.57350541823938,57442355.25,28.041932625
"Faliro House Productions",2,6.74009508716323,-1805624.5,28.00888
"Vinyl Films",5,6.4176702603208,35427756,28.0047888
"Anonymous Content",17,7.13727555421808,40493313.2941176,27.9808095294118
"IM Global",11,6.29646069384418,21785608.3636364,27.9770288181818
"Solana Films",5,5.6706910459801,157547402.8,27.9430832
"Langley Park Production",2,6.40837004405286,59779020.5,27.9263695
"Ghost House Pictures",7,6.0508974116758,71159598.8571429,27.8995352857143
"Malpaso Productions",19,7.30015652718355,89872359.4736842,27.8907964210526
"Krane Entertainment",3,6.64807135969142,82724853,27.882471
"Star Partners II Ltd.",2,7.4329423763386,201425014,27.8634305
"De Fina-Cappa",2,7.62375979112272,16056187.5,27.813899
"Film Rites",4,7.09387942936033,76497048.75,27.807511
"Regency Enterprises",69,6.81950068062676,69143254.5797101,27.8063247681159
"Green Moon Productions",2,5.6158357771261,-3500000,27.7893755
"Kerner Entertainment Company",3,5.53996299722479,251727833.666667,27.753477
"Overnight Films",2,5.9457046603032,7168030,27.7345775
"Happy Madison Productions",32,5.79283218310474,60906200.46875,27.59034234375
"CJ Entertainment",4,6.79928057553957,18495646.75,27.5619935
"Monarchy Enterprises B.V.",2,6.97761429322123,119814887,27.560017
"Location Gourmet",2,5.53129399025447,74086442.5,27.5475615
"Creative Scotland",2,6.08807692307692,-6254144,27.5421605
"Gaumont",9,6.62381093495333,12571502.7777778,27.5259717777778
"Mandate Pictures",12,6.50685166772123,48278911.3333333,27.5245700833333
"PolyGram Filmed Entertainment",15,6.89979831448534,74402219.8666667,27.4531234666667
"Envision Entertainment",3,6.50638111888112,19501483,27.390742
"Renaissance Pictures",3,7.04796425024826,30898860.3333333,27.368011
"Donners' Company",14,6.70635692856564,170790933.357143,27.3377796428571
"Davis-Films",12,6.20489031078611,72769770.3333333,27.2506974166667
"Double Feature Films",15,6.72823137744486,31756608.2,27.2471323333333
"Talisman Productions",2,6.1437223042836,57163823.5,27.1893235
"Jolie Pas",2,7.10951156812339,46085341.5,27.1614645
"Red Hour Films",10,6.34517001143808,43426005.6,27.0800907
"A.J.O.Z. Films",2,6.30999115826702,-1768914.5,27.0315045
"Leverage Entertainment",2,5.93457730388424,26135565,26.993677
"Edward R. Pressman Film",5,6.97455893633342,28416955.2,26.9910214
"Ixtlan",3,6.48471257106759,76732894,26.977809
"One Race Productions",2,6.69054325955734,280737485,26.94289
"Cappa Productions",3,6.99218472468916,44433333.3333333,26.8241963333333
"Three Strange Angels",3,6.57682012847966,59796478,26.8198093333333
"Rhino Films",2,7.12743243243243,159306.5,26.8134245
"Davis Entertainment",34,6.10405045234431,64771510.1470588,26.7818668823529
"The Weinstein Company",42,7.21522329511165,51980366.5238095,26.7687935952381
"Toho Company",3,7.98402402402402,-14057230.6666667,26.7210993333333
"Licht/Mueller Film Corporation",2,5.93100511073254,34185225,26.6117545
"VIP 2 Medienfonds",3,6.51682188591385,1608792,26.583442
"Broken Road Productions",5,5.50939226519337,81902531,26.508468
"Italian Tax Credit",2,5.95068736141907,118889501,26.459576
"Universal",4,6.20730080730081,15990106.75,26.3925905
"Pathé",12,6.86696571611663,35903130.8333333,26.3447125
"Lumiere",2,8.07273718647764,4670885,26.3114175
"HandMade Films",2,6.9765356734071,346460,26.3017205
"Live Entertainment",3,7.93580957363327,2459989.33333333,26.2690843333333
"Metropolitan Filmexport",4,6.66911764705882,36456013,26.23206425
"LionsGate",3,5.73206256109482,33427276,26.2211936666667
"Lakeshore Entertainment",34,6.39631541097339,29770272.5,26.2071776470588
"Participant Productions",3,7.51741372471242,63624178,26.2031666666667
"Gold/Miller Productions",2,5.90126968004063,118809598,26.1394625
"H2F Entertainment",2,5.69866156787763,-17626381,26.1358535
"Conundrum Entertainment",6,5.61684782608696,27948995.3333333,26.023778
"Automatik Entertainment",7,6.01199226305609,11242464.2857143,26.0231992857143
"Spyglass Entertainment",38,6.49202389212344,69256377.2368421,25.9826969473684
"Mutual Film Company",14,6.6865404057424,48559060.3571429,25.9446219285714
"StudioCanal",41,6.79323730718153,37842263.5121951,25.9161376341463
"Televisió de Catalunya TV3",2,6.69008919722498,21775587,25.9100645
"Newmarket Capital Group",9,7.15219574865686,48182362.8888889,25.8949904444444
"Scion Films",11,7.0681361541189,33583807.5454545,25.8909778181818
"NPV Entertainment",25,6.502042573547,65338676.92,25.84762532
"Big Indie Pictures",2,7.37202797202797,19860202,25.8130925
"Odeon Films",2,6.83209377526273,125909,25.802276
"Sighvatsson Films",2,6.43365963855422,4547727.5,25.7889345
"Amazon Prime Instant Video",3,6.4787456445993,62593871.3333333,25.7885643333333
"Nickelodeon Movies",22,6.06456815816857,71394559.2727273,25.7537066818182
"Toho-Towa",9,5.95496195307546,37196902.6666667,25.7359577777778
"Miramax",11,6.88062133645955,28173206.4545455,25.7327816363636
"Initial Entertainment Group (IEG)",10,7.38969517129755,47975865.4,25.726279
"TPS Star",8,6.87168568920105,31704928.75,25.705968
"Smart Egg Pictures",3,6.78348284960422,30165649.3333333,25.705147
"Sofica Europacorp",2,6.70247933884298,7322118,25.6899415
"Aardman Animations",5,6.43630705394191,63217014.6,25.6515
"Kaplan/Perrone Entertainment",2,5.79249867934496,90938865,25.64673
"World 2000 Entertainment",3,6.34971135343169,6615265.66666667,25.642337
"Film4",36,7.21344050845873,22305127.7222222,25.6057265555556
"Horseshoe Bay Productions",2,5.60531062124249,8375725,25.5931075
"Stuber Productions",8,5.83654019873532,15044609.5,25.57629475
"O2 Filmes",3,7.7316414244781,7395583,25.5326303333333
"Next Entertainment",4,5.66494623655914,26718318,25.52283875
"Pandora Cinema",3,7.62772062804548,-4476492.66666667,25.476544
"Management 360",4,6.27584085315833,36976960.5,25.45718275
"Imagine Entertainment",36,6.63354711225127,80190859.7777778,25.4382646944444
"Apaches Entertainment",2,6.93653846153846,69137061.5,25.3876965
"Constant c Productions",2,5.99985974754558,170285762,25.3699375
"Forest Whitaker's Significant Productions",2,7.23607770582794,17336305.5,25.3641545
"RKO Radio Pictures",4,7.38032144257154,23639281,25.3275405
"Pariah Entertainment Group",2,6.30776053215078,24498385,25.309151
"Golden Mean",2,6.38060686015831,70437865,25.261506
"Lonely Film Productions GmbH & Co. KG.",3,7.0522376833396,21718225.6666667,25.223727
"Everest Entertainment",3,6.99629032258064,7426873.33333333,25.2152756666667
"Nexus Factory",2,6.76480231436837,-12120836,25.2077725
"Eddie Murphy Productions",3,6.30532868525896,216844834.333333,25.1540436666667
"Infinity Features Entertainment",2,6.3,7176303.5,25.150001
"Brad Grey Pictures",3,5.597583081571,83775936.6666667,25.146482
"Ascendant Pictures",3,7.17091988130564,2945592,25.1457533333333
"DreamWorks",7,6.42311547295887,106706843.142857,25.1395482857143
"Blue Wolf",3,6.9641862315957,189526365.666667,25.128059
"Endgame Entertainment",12,6.56903422193525,14801191.25,25.11863275
"Kanzaman",6,5.98834894613583,31952157.8333333,25.1128223333333
"Blueprint Pictures",3,7.00104675505932,33311436.6666667,25.0760823333333
"Two Ton Films",2,6.64708196721311,58595925,25.074328
"First Generation Films",2,5.5738813735692,8611137.5,24.98192
"Wessler Entertainment",2,4.47470651013874,25629144.5,24.9681355
"Before the Door Pictures",4,6.55362793235134,1042457.25,24.93504775
"China Film Group Corporation (CFGC)",3,6.52026777469991,68834170,24.9189393333333
"Alcon Entertainment",22,6.52146731206625,41632752.7727273,24.8527967272727
"Nostromo Pictures",2,5.74479166666667,-13402267,24.841816
"Callahan Filmworks",2,6.08551198257081,129503010.5,24.7808945
"Focus Features",36,6.82168505299589,39452553.8611111,24.7665938055556
"Muse Productions",5,6.30360174942115,8598169.2,24.7539856
"Josephson Entertainment",5,6.07991206375378,83717311.2,24.7396304
"Metro-Goldwyn-Mayer Pictures",2,5.90799360511591,30171756.5,24.7360095
"Wildgaze Films",2,7.03039426523297,35763724,24.651511
"Delphi Films",2,6.9,119507779,24.6375695
"Laurence Mark Productions",8,6.65054287962235,42581463.375,24.58510575
"Gravier Productions",5,6.89513633014001,55774113.4,24.5399754
"Gramercy Pictures",5,7.52880891844318,2853752.8,24.5341732
"Mad Chance",9,6.23834685789772,16350746.5555556,24.4063402222222
"Alphaville Productions",2,6.75770020533881,30516927,24.400939
"Radar Pictures",13,6.0972208773119,37677983.9230769,24.306293
"Hopscotch Features",3,7.01011293634497,18294528.3333333,24.2814846666667
"Cold Spring Pictures",3,6.58290783210731,75945126.3333333,24.2802353333333
"CBS Films",12,6.40178052784442,21260736,24.2571665833333
"Alphaville Films",9,5.78138556167044,89210882.8888889,24.2329873333333
"Summer Knowledge LLC",2,5.42375117813384,41794123,24.223749
"Gracie Films",7,6.76772406847935,138676938.714286,24.223374
"Canal+ España",9,6.81529850746269,21070812.8888889,24.1887284444444
"Intrepid Pictures",3,5.95083135391924,9368418.33333333,24.1804456666667
"Recorded Pictures Company",2,6.66004319654428,16723135.5,24.1611525
"Kingsgate Films",3,7.02232063773251,4289228.66666667,24.0753203333333
"Tiger Aspect Productions",2,6.7900212314225,154868172,24.0560555
"Handsomecharlie Films",4,5.91511345218801,20233749.5,24.01381825
"Head Gear Films",2,6.30285714285714,22918936,24.011285
"Mosaic Media Group",14,5.76234322422759,82930184.7857143,23.9543765
"Perdido Productions",3,6.58154463390171,52516303.6666667,23.8549963333333
"Film i Väst",9,6.40602991944764,12537708,23.8366268888889
"CinéCinéma",10,6.5375415282392,15483585,23.8280605
"Hammerhead Productions",2,5.17161458333333,38960970,23.8263795
"FGM Entertainment",2,6.51177777777778,3826308,23.8253285
"Mediapro",4,6.92461024498886,63729788.5,23.79708325
"Equity Pictures Medienfonds GmbH & Co. KG III",2,6.04862869198312,4887961.5,23.761852
"Treehouse Pictures",4,6.28306142034549,12803511.75,23.73474275
"Deutsche Filmförderfonds (DFFF)",5,6.02790851110622,51230267.8,23.7120104
"Geffen Pictures",3,7.10673778775969,46854869.3333333,23.6948996666667
"Cube Vision",6,6.7384060347655,75563131.5,23.6737693333333
"Senator International",2,5.58295454545455,110333730.5,23.659836
"Gerber Pictures",5,7.226071664102,51133832.8,23.6405288
"Silver Reel",8,5.811045804621,-12013055.75,23.618538125
"Canal+",73,6.7605481612935,33366351.0410959,23.6178094657534
"KC Medien",2,7.19301675977654,14488135,23.60205
"Chartoff-Winkler Productions",3,6.09504531722054,8413979,23.5311836666667
"Eskwad",2,7.0030985915493,-7999604,23.502797
"Hank Levine Film",2,8.07143631436314,13670885,23.4840375
"Mediastream Dritte Film GmbH & Co. Beteiligungs KG",3,5.5639755351682,61177667.6666667,23.468238
"Asymmetrical Productions",2,7.61716208637128,-2441330.5,23.4450555
"The Picture Factory",2,7.61716208637128,-2441330.5,23.4450555
"Province of British Columbia Film Incentive BC",4,6.0745247148289,32954709.5,23.44163775
"Winkler Films",5,7.73492225337752,-732483.8,23.416609
"Hard Eight Pictures",4,6.07276210379659,31180368,23.37794475
"Telecinco Cinema",5,6.90742142025611,25628407.6,23.253525
"United Artists",73,7.21571843634443,42918216.9863014,23.2518014794521
"Cheyenne Enterprises",9,6.20743099787686,34454505.4444444,23.2309857777778
"Paramount Vantage",13,7.37698930341769,30909143.6923077,23.2206869230769
"Nord-Ouest Productions",2,7.12826666666667,-2145026.5,23.2185215
"La Petite Reine",3,6.48622004357299,49371179,23.2065213333333
"The Montecito Picture Company",7,6.15796930342385,46775592.1428571,23.1838478571429
"Lee Daniels Entertainment",2,7.07046632124352,65915830.5,23.0736845
"Studio 37",4,6.87734505862646,34285168.25,23.047157
"Hydraulx",2,5.8558282208589,27460175,23.037752
"Sony Pictures Worldwide Acquisitions (SPWA)",2,6,104920989.5,22.9595665
"Focus Films",4,6.33736321000521,12690336,22.93539325
"Worldview Entertainment",12,6.78974423585738,-2011759.83333333,22.9012191666667
"Instituto de la Cinematografía y de las Artes Audiovisuales (ICAA)",7,6.85585387323944,11497751.2857143,22.8958037142857
"Warp Films",4,7.20159808230124,19464424.75,22.869071
"Chris Lee Productions",3,5.72138461538462,-21766930.3333333,22.833647
"Haxan Films",2,5.96535122336227,123970000,22.7904005
"GreeneStreet Films",4,6.43896713615023,-15540476.75,22.77624
"Mars Media Beteiligungs",2,7.01688888888889,89445095,22.7725525
"Rickshaw Productions",2,6.59992531740104,70400000,22.770624
"Witt/Thomas Productions",2,6.8089850249584,29737041,22.7231205
"Antena 3 Films",3,6.40303582270795,19653275.3333333,22.657276
"Overture Films",3,6.45964682799215,16758710,22.6364153333333
"Orion Pictures",15,7.36999568593615,48161088.7333333,22.6349713333333
"PeaPie Films",2,6.46241610738255,8303371.5,22.5572355
"Revelations Entertainment",2,6.76393442622951,53706266,22.5519935
"Studio Canal",17,6.62107089272318,39767564.3529412,22.4678872352941
"Fountainbridge Films",2,6.33407079646018,91727080,22.46054
"Palomar Pictures (II)",3,6.37832914572864,-18578526.3333333,22.4012726666667
"The Guber-Peters Company",3,7.07200325071109,164213644.333333,22.3868936666667
"Hakuhodo DY Media Partners",2,7.42812182741117,72507056.5,22.3724135
"CJ Capital Investment",2,6.97905935050392,50646475.5,22.3650565
"Columbia Pictures Corporation",96,6.53427574113288,54954752.1041667,22.3265816041667
"Onyx Films",2,7.51680672268907,8701299,22.314302
"Brooksfilms",2,7.59057421451788,20841885.5,22.27669
"Mainichi Broadcasting System (MBS)",2,7.69362980769231,-4117267.5,22.248082
"Alliance Films",13,6.40486922648859,24738725.2307692,22.2466243076923
"LD Entertainment",4,6.17851396119262,21297489.25,22.1963655
"Castel Film Romania",2,6.36650294695481,65724974,22.186511
"Icon Productions",6,6.88973166368515,105596968.666667,22.1672246666667
"Phoenix Pictures",17,7.13636562911004,19627104.4117647,22.1654496470588
"Image Entertainment",2,5.81029836381136,38301844.5,22.151212
"Iguana Producciones",2,4.97128927410618,108624174.5,22.133744
"Dune Films",6,6.68866189989785,12892849.1666667,22.0885303333333
"Gary Sanchez Productions",13,5.82746277487427,67656575.9230769,22.0388306153846
"Wind Dancer Productions",2,6.19756097560976,154159088.5,22.038395
"International Film Investors",3,7.0756329113924,38989494,22.037124
"Ten Thirteen Productions",2,6.03095944609298,80783873.5,22.0272295
"Lazio Film Commission",2,6.64639498432602,27509359,22.0080235
"Twins Financing",2,6.98822899946495,32499053.5,21.9808245
"This Is That Productions",8,7.26545375471151,19122459,21.9648155
"Blackfriars Bridge Films",2,7.08893617021277,49225925.5,21.949643
"Got Films",2,6.29588607594937,74462546.5,21.9058775
"Dimension Films",52,6.17102060082943,35727435.2115385,21.9017285961538
"Universum Film (UFA)",2,7.65669014084507,-50521584,21.890215
"Red Wagon Productions",2,7.06482534524777,64146261,21.8813155
"Timnick Films",2,6.89009584664537,44399132.5,21.8474875
"WWE Studios",8,6.22757490636704,13414184.875,21.829319
"Stars Road Entertainment",2,5.42311111111111,10625676,21.7816085
"Peters Entertainment",2,5.15178236397749,26052340.5,21.7791465
"Canal Plus",10,6.68386821440765,16930407.8,21.7598633
"Grosvenor Park Media Ltd.",4,6.58473974763407,-2777135.5,21.7467495
"Sony Pictures",6,6.39063643013899,11940756.3333333,21.7213043333333
"Detour Filmproduction",5,7.26139737991266,20138371.4,21.7210386
"Metro-Goldwyn-Mayer (MGM)",113,6.60558442908373,52217176.6017699,21.6978968761062
"Swedish Film Institute",2,6.96677215189873,7208649,21.695463
"Dark Castle Entertainment",16,5.97268023456364,15207110.4375,21.685138875
"Will Packer Productions",3,6.07606659729448,57213053,21.6764306666667
"Stage 6 Films",7,7.05868814729574,24644711,21.6711645714286
"Omnilab Media",3,6.38267667292058,12199967.3333333,21.6264093333333
"Imagi Animation Studios",2,6.05424403183024,20350031,21.6246245
"Sogecine",2,7.37668972857903,12864610.5,21.622547
"Participant Media",24,6.76864265187462,35947892.9583333,21.622227625
"Samuel Goldwyn Films",6,6.94328727572695,33927677.3333333,21.618006
"Parallel Film Productions",2,7.15925626515764,25538070.5,21.574446
"Orly Films",2,6.42848232848233,13836605,21.5119755
"FilmWorks",2,6.40643153526971,30329279,21.4974495
"Bac Films",5,7.45842994368996,17965031.6,21.4950316
"France Télévisions",4,6.75736585365854,-8330636.5,21.48459525
"TriStar Pictures",55,6.55600034835114,56960896.8545455,21.4730762363636
"Arc Productions",3,6.5991724137931,25610820,21.4149703333333
"Nickelodeon Animation Studios",2,5.78412291933419,118797016,21.4043155
"Golar Productions",2,6.29838709677419,-35782373.5,21.367881
"O Entertainment",2,6.1,91192766.5,21.3403025
"Bayerischer Rundfunk (BR)",2,7.78735426008969,20500000,21.332606
"Starz Animation",3,6.48737373737374,15076136,21.2999126666667
"Chicago Pacific Entertainment",2,6.10389805097451,-4895333,21.295014
"Kernos Filmproduktionsgesellschaft & Company",2,6.6093399750934,60058339,21.222257
"Filmax",3,6.94011056511057,45128295.3333333,21.210123
"Rough House Pictures",2,5.96078431372549,4153827.5,21.2084455
"Sidney Kimmel Entertainment",14,6.74797722868217,13204852.7857143,21.1962696428571
"Himenóptero",3,6.17414512093411,4147275.66666667,21.1560703333333
"Kopelson Entertainment",5,6.58197026022305,78023974.8,21.1211998
"Dickhouse Productions",2,6.03365853658537,98056924.5,20.9589045
"Touchstone Pictures",115,6.71748520920949,51392610.3652174,20.9490088
"Castelao Producciones",5,7.08089695309825,14261993.6,20.9419922
"Bavaria Film",4,7.3091388400703,7289702,20.932552
"Mel's Cite du Cinema",13,6.22684672206833,53291994.4615385,20.9178091538462
"Wales Creative IP Fund",2,6.12462039045553,-16611447,20.9092845
"Celluloid Dreams",4,7.08151658767772,-3988985.25,20.818553
"SKA Films",4,7.54445143696245,16676021.5,20.7538295
"Outlaw Productions (I)",4,6.99357967667436,7108343.5,20.71193825
"Daniel Bobker Productions",2,6.26818181818182,24487409,20.7003115
"Origin Pictures",3,6.73208556149733,12787078,20.6722196666667
"X-Filme Creative Pool",9,6.81458333333333,14251368,20.6663704444444
"Firm Films",9,6.10857514075357,41401390.3333333,20.659435
"Room 101",4,5.36011322696861,130160668,20.6554415
"Selznick International Pictures",4,7.66188219363575,101597114.75,20.64416975
"Northern Lights Entertainment",3,6.29982046678636,88066666.6666667,20.6365943333333
"Screen Gems",39,6.31238107108729,30950376.3076923,20.5744927435897
"TF1 Films Productions",5,6.32364864864865,11094083.6,20.5738666
"Davis-Panzer Productions",2,6.45714285714286,-9628196,20.518279
"Madison 23",2,6.34585635359116,-5659355,20.5134185
"APJAC Productions",3,6.20325203252033,11282874.3333333,20.5105296666667
"Wayans Bros. Entertainment",5,5.61335193304105,53508791.4,20.4978114
"Clinica Estetico",6,7.11071723000824,40861832.1666667,20.3837385
"100 Bares",2,7.50641711229947,16982921.5,20.380208
"Televisión Federal (Telefe)",2,7.50641711229947,16982921.5,20.380208
"1821 Pictures",3,5.57273361227336,-2393920.66666667,20.35746
"Irish Film Board",10,7.28355484671274,11043955.2,20.3223971
"Bona Fide Productions",6,7.0484295845998,35307311.1666667,20.2548386666667
"Camelot Pictures",4,6.3320341047503,4481267.25,20.23552925
"Tig Productions",7,6.85783803863299,95580275.8571429,20.231355
"Avery Pix",5,5.93053140096618,29609511.4,20.214899
"Icon Entertainment International",12,7.08480411046885,45994938.9166667,20.2106235
"Westdeutscher Rundfunk (WDR)",9,7.40489021956088,13045176.4444444,20.1255644444444
"Norddeutscher Rundfunk (NDR)",2,7.62110552763819,23420580,20.086465
"Wild Bunch",18,6.97431553100061,11973490.3888889,20.0708086666667
"Contrafilm",6,6.03373759647188,65985206.3333333,20.064109
"Goldcrest Films International",4,6.9964824120603,29838864.25,20.057575
"Good Machine",10,6.66984674329502,39827376.3,20.0416608
"Mod Producciones",3,6.18646734854445,3953464,20.011745
"Miramax Films",92,7.29468961096593,34150806.1304348,19.9757891847826
"August Entertainment",2,7.38744075829384,-1609224.5,19.975719
"Rising Star",7,6.89161179501861,-4301934.14285714,19.9626058571429
"Reiner / Greisman Productions",3,7.01953663118347,34498870.3333333,19.956152
"Centre National du Cinéma et de L'image Animée (CNC)",2,6.97208287895311,6708649,19.9016875
"Gunn Films",5,5.74965204236006,83413768.6,19.8312924
"Cineclick Asia",2,6.80575342465753,33744821.5,19.751297
"Scottish Screen",3,6.48487690504103,11369407,19.727435
"Punch Productions",4,6.31709986320109,55792652.5,19.7145695
"Sudden Storm Productions",2,6.30520965692503,-3445640,19.665263
"Reel Chefs Catering",2,6.33249097472924,54397285.5,19.636279
"Hunting Lane Films",2,6.81504424778761,8638982.5,19.629821
"Star Overseas",2,4.80629590766002,-28611620,19.612706
"Mr. Mudd Production",4,7.53240297713982,-3581047,19.5454215
"Yuk Films",2,6.07724215246637,54615146,19.5334195
"Venture Forth",2,7.16232558139535,6730389,19.499635
"Baltimore Pictures",7,6.82639427378467,52467265.4285714,19.4814448571429
"Craven-Maddalena Films",5,5.79685169842585,35528938.6,19.4479018
"Polygram Filmed Entertainment",5,6.0086201135984,99038881.4,19.4400724
"American Zoetrope",13,6.72372856298049,32681194.3076923,19.4052129230769
"Thorn EMI Screen Entertainment",2,6.80969609261939,4543826.5,19.401112
"Buena Vista",2,6.73220338983051,23754792.5,19.39563
"LightWorkers Media",2,5.37073863636364,19930687.5,19.392042
"Téléfilm Canada",13,7.27774184063511,2750323.38461538,19.3862844615385
"Ministerio de Cultura",3,7.43702171664943,19898354.6666667,19.3747183333333
"Backup Media",2,7.46625980819529,15592326,19.335775
"Fox Atomic",7,5.77962720732505,2034708.85714286,19.32148
"Propaganda Films",4,7.27322709163347,35085530,19.321293
"Mikona Productions GmbH & Co. KG",4,6.52802236198463,87537234.5,19.29780075
"Irwin Allen Productions",2,5.30020597322348,38917120,19.294386
"Single Cell Pictures",2,7.26187345932621,5458692,19.2398125
"Detour Film Production",2,7.65718545020871,8164010,19.235947
"Dan Films",2,6.79180537772087,-6e+06,19.197955
"Baltimore Spring Creek Productions",4,5.92074906367041,36725846,19.1659555
"Roger Birnbaum Productions",3,6.19500745156483,41338887.3333333,19.1609463333333
"Tribeca Productions",14,6.22696288815956,91282551.2142857,19.1541777857143
"Grosvenor Park Productions",4,6.59103889709503,40296986.5,19.1537445
"HanWay Films",4,6.83620457604307,1755855.5,19.13901225
"View Askew Productions",8,6.66776057314537,10568860.375,19.125267375
"Birnbaum / Barber Productions",2,6.16076058772688,24622979.5,19.105473
"Canadian Film or Video Production Tax Credit (CPTC)",9,6.85704265402844,27619405.6666667,19.0943377777778
"Castle Rock Entertainment",40,7.32345175228036,19979869.2,19.0914079
"Nine Yards Productions",2,5.95945611866502,25613716,19.0852605
"Mandalay Pictures",9,6.69011692650334,6312529.77777778,19.0591863333333
"Larger Than Life Productions",2,6.29912536443149,-17043452.5,19.0414845
"Pandora Pictures",2,7.47677053824363,9113534.5,19.039399
"Artina Films",2,6.83394980184941,8242528,19.015704
"Washington Square Films",5,6.58598587724063,923965.8,18.9632852
"Ruby Films",4,6.69040650406504,21818484.5,18.96295725
"Crystal Lake Entertainment",2,5.37254237288136,45430314,18.9582815
"Ad Hominem Enterprises",3,6.61772688719254,54701429,18.9408756666667
"Disney Channel",2,6.1,1400000,18.776962
"Arte",4,7.65782891445723,39072919.25,18.774464
"Middle Fork Productions",2,4.74919653893696,71439332.5,18.7701265
"Lawrence Bender Productions",7,7.26858523725835,41362022.2857143,18.7697344285714
"Producers Circle",2,6.86105398457584,130888366,18.766319
"Depth of Field",6,6.17001607717042,31880346.6666667,18.7389296666667
"Silverwood Films",4,6.7985593220339,7540369,18.6832505
"Tall Trees Productions",2,5.25926251097454,86545838,18.6793725
"David Foster Productions",4,5.62252510760402,-18780564,18.6616005
"Danmarks Radio (DR)",5,7.42983354673495,3224819,18.6330394
"The Ink Factory",2,6.38587731811698,13242475,18.628076
"UK Film Council",35,6.78615051099412,25039407.3142857,18.5727602857143
"Gold Circle Films",12,6.23366812227074,76614545.6666667,18.5274746666667
"Media Cooperation One",2,6.047976011994,8025287.5,18.5186405
"Reel FX Creative Studios",3,6.85388940955951,45530069,18.4311406666667
"Donner/Shuler-Donner Productions",4,6.29145299145299,39345621.5,18.403175
"W9",3,6.18457760314342,-12752644.6666667,18.400708
"Magnolia Mae Films",3,6.97169981916817,27167491.3333333,18.3886533333333
"Pictures in Paradise",5,6.43983402489627,-645124,18.3662534
"Darko Entertainment",4,5.6131090487239,-6654349.5,18.36445675
"Red Om Films",3,5.73367965367965,81500236.3333333,18.2699123333333
"Lucky Red",3,7.22796208530806,-15079600,18.2624806666667
"Memfis Film",4,7.21345503718729,7031023.75,18.25162275
"Home Box Office (HBO)",2,5.88933454876937,276045868,18.2207315
"Natural Nylon Entertainment",3,6.24227129337539,-8061530.66666667,18.212763
"Hyde Park Entertainment",7,5.46781961471103,8294093.85714286,18.2117724285714
"Antena 3 Televisión",2,6.71363636363636,38777527,18.210681
"uFilm",6,6.49122431506849,15173375.1666667,18.1847128333333
"Origen Producciones Cinematograficas S.A.",2,6.24773561811506,9861926,18.184404
"Fox Searchlight Pictures",63,7.10919647258586,32808418.8253968,18.1645311428571
"Millar Gough Ink",2,5.58623655913979,37517554,18.1461785
"The Jacobson Company",4,5.45887218045113,1375350.25,18.1062175
"British Broadcasting Corporation (BBC)",8,5.72897091722595,28312364,18.086159
"Karz Entertainment",6,5.94603636363636,50361815.5,18.0743636666667
"Revolution Studios",34,6.08546810070887,23719789.6176471,18.0695496176471
"Rogue Pictures",7,5.45352680370818,19045761.2857143,18.0689281428571
"Crossbow Productions",4,7.40258461538462,57009092.75,18.06134425
"Clifford Werber Productions",2,6.07513171759747,24093992,18.0139
"Sound for Film",3,6.56159003831418,14143718,17.980075
"Southpaw Entertainment",2,7.0719512195122,20561013,17.935586
"Zentropa Entertainments",5,7.43760869565217,8224819,17.9343658
"Bandai Visual Company",3,7.54562118126273,-8065609.66666667,17.931873
"Irish Dreamtime",5,6.16661316211878,13975493,17.9286846
"Face Productions",2,5.7,44887683.5,17.8472155
"Beacon Communications",8,6.22916274694261,62081282.125,17.84338975
"Antidote Films (I)",2,6.58023668639053,16903446.5,17.834902
"Brillstein-Grey Entertainment",2,6.48563968668407,14602549.5,17.8271655
"Guy Walks into a Bar Productions",2,6.01752577319588,66024298.5,17.7891225
"Wild West Picture Show Productions",5,5.71626716940479,64338177.4,17.7521456
"Channel Four Films",10,7.42338069368993,61067682.6,17.6720891
"Incentive Filmed Entertainment",2,6.64168297455969,-2403651,17.6226565
"Majestic Films International",4,7.37607655502392,123701803.5,17.5918995
"Kumar Mobiliengesellschaft mbH & Co. Projekt Nr. 1 KG",3,5.82395061728395,68539134.6666667,17.586336
"DisneyToon Studios",2,5.85939177101968,102771341,17.5805445
"Walt Disney Animation Australia",2,5.85939177101968,102771341,17.5805445
"Alloy Entertainment",2,6.15906593406593,6904498.5,17.5632685
"Umedia",4,6.52750957854406,-19808818.25,17.554241
"Principato-Young Entertainment",3,6.15772544514647,58626136.6666667,17.5505136666667
"Les Films du Losange",2,7.38320610687023,-2149654,17.5493415
"Wega Film",2,7.38320610687023,-2149654,17.5493415
"Storyline Entertainment",2,6.86182572614108,130888366,17.5134015
"Moonlighting Films",2,6.06440677966102,-17630335,17.403579
"Lions Gate Films",34,6.53050677074094,42948277.3823529,17.3916154705882
"Fake Empire",2,6.46213017751479,5747641,17.372346
"Senator Film Produktion",3,6.57819209039548,-14245330,17.332955
"K5 International",2,6.17079646017699,-14611524.5,17.3090575
"Harpo Films",4,7.28994673768309,32223718.25,17.30424175
"Pathé Renn Productions",9,6.38475592349415,19364420.5555556,17.2939872222222
"Capella International",3,6.30202360876897,3630072.33333333,17.2916203333333
"Friendly Films (II)",2,5.13728070175439,21132746.5,17.288714
"Medusa Film",3,6.54106870229008,17405322,17.2591513333333
"Ambience Entertainment",2,6.21474501108647,-4111447,17.245737
"ScreenWest",2,6.38545688545689,-40222999,17.1702045
"British Film Institute (BFI)",3,6.40828947368421,1474087,17.1655793333333
"United Artists Corporation",2,6.32296157450797,0,17.0400965
"Section Eight Productions",4,6.6364224137931,22116665.25,17.02999575
"Big Beach Films",5,7.04788593903638,22425672,17.027915
"Panay Films",2,5.61284046692607,22350000,17.0200905
"Bob Yari Productions",6,7.09469931804092,18019456,17.0166573333333
"Entertainment One",2,5.43710407239819,12441009,17.006567
"Interscope Communications",7,7.04574761399788,59269446.8571429,16.9863872857143
"Archer Street Productions",2,6.526,17888006,16.930531
"Filmax Entertainment",3,7.13920563741192,-598921.666666667,16.9097186666667
"Paramount Animation",11,6.14166172106825,63402117.3636364,16.9069905454545
"Région Bretagne",2,7.14857768052516,-13796797,16.8805615
"DiNovi Pictures",11,6.158249419055,10408177.9090909,16.879381
"Lion Rock Productions",4,6.11748310810811,8592921.5,16.875163
"Arnold Kopelson Productions",2,6.24545454545455,50200541.5,16.85575
"Renaissance Films",3,7.51037924151697,-4892318.66666667,16.8365166666667
"Yer Dead Productions",2,6.45358208955224,-22106825,16.7690375
"Warner Independent Pictures (WIP)",7,6.87936005625879,5658678.57142857,16.7689594285714
"Frontier Pictures",2,5.91271676300578,-497376,16.7442085
"Fortis Films",7,5.78445040214477,26967953.7142857,16.7240267142857
"Polski Instytut Sztuki Filmowej",2,7.02605210420842,5571894.5,16.6384335
"Art Linson Productions",6,7.39425752592967,3725343.33333333,16.6201895
"Mandalay Entertainment",6,6.0370121695342,24332241.1666667,16.5886621666667
"Svenska Filminstitutet (SFI)",2,7.88896353166986,6500000,16.5873715
"Falcon International Productions",2,7.4,17350000,16.583143
"Robert Simonds Productions",13,5.71871799734496,33832388.7692308,16.5691412307692
"Runteldat Entertainment",3,5.27909371781668,49958158.6666667,16.4759466666667
"Sveriges Television (SVT)",5,7.44240184757506,1218443.2,16.4643598
"Baumgarten Management and Productions (BMP)",2,6.31254480286738,6313715.5,16.446088
"Neal Street Productions",5,6.77157564905998,20628059.4,16.4025906
"Rai Cinema",3,7.54633333333333,12721664.3333333,16.3963553333333
"Epsilon Motion Pictures",32,6.44672266386681,19258773.71875,16.3789333125
"The Javelina Film Company",2,6.64413793103448,-7760499,16.377656
"Storefront Pictures",2,5.94196816208394,37803949.5,16.363396
"Degeto Film",4,7.50535031847134,8329019.5,16.36187975
"Tornasol Films",2,7.66179487179487,24177430.5,16.341016
"Savoy Pictures",6,8.01035315424087,-2884030.83333333,16.3409856666667
"Jet Tone Films",2,6.5580375782881,33744024,16.306026
"Région Nord-Pas-de-Calais",2,6.9890868596882,23984766.5,16.2890605
"Global Entertainment Productions GmbH & Company Medien KG",7,6.52627955701886,50546894.8571429,16.2640677142857
"Baby Cow Productions",2,7.31704180064309,44064936,16.2601225
"Arcade Pictures",2,5.39125364431487,33273317.5,16.2555035
"MTV Films",22,6.07311708058794,38640459.9545455,16.2410368636364
"Dino De Laurentiis Company",15,6.36785992217899,2478682.13333333,16.2301939333333
"Sean S. Cunningham Films",5,5.38917495611469,26104065.6,16.1847086
"JVC Entertainment Networks",3,6.19832335329341,18215527,16.1825166666667
"Spectacle Entertainment Group",2,5.58062827225131,17125506,16.1154785
"Media Asia Films",6,7.80221659278024,21272065.6666667,16.1109428333333
"Saga Film",2,6.19195979899497,16333284,16.079153
"Intermedia Films",21,6.0612278761062,13092426.047619,16.06229
"Dylan Sellers Productions",3,5.71262050832603,28227572.6666667,16.0221113333333
"Ixtlan Productions",3,7.04326086956522,55409618.3333333,16.019992
"Stratus Film Co.",3,6.54600938967136,1052836,16.0180843333333
"Film Afrika",2,6.26359832635983,-6139182.5,16.0090185
"PSO International",2,5.93399014778325,45964360.5,15.9857535
"Empire Pictures",2,6.24103343465046,-4156696.5,15.9792965
"The Steve Tisch Company",2,7.33995922528033,13502165,15.9456115
"DJ Films",2,6.1294532627866,50978349.5,15.8406755
"Marubeni",6,5.81420543240712,19144015.1666667,15.8130963333333
"Artisan Entertainment",10,6.80198531865198,29589611.4,15.7837622
"Pathé Pictures International",5,6.69871794871795,21102811.4,15.7702948
"Capitol Films",4,7.23219814241486,5577220.25,15.73572825
"Scanbox",2,5.94251824817518,-20260947,15.713707
"ShadowCatcher Entertainment",2,6.40804020100503,24487409,15.7049795
"Greenestreet Films",3,4.46749716874292,12695947.6666667,15.6085366666667
"Televisión Española (TVE)",4,7.42630272952854,20866594.5,15.60291575
"Showtime Networks",3,5.8794701986755,15268133,15.5919836666667
"Pacific Film and Television Commission",6,6.29689440993789,1547273.33333333,15.5798238333333
"Copperheart Entertainment",2,5.52177954847278,-2.2e+07,15.575258
"Centropolis Film Productions",2,6.8,-4717956,15.563901
"City Light Films",4,6.69960185799602,1769536.75,15.5086945
"Malpaso Company",3,7.00237358101135,22171941,15.4857453333333
"Eclectic pictures",2,5.5201166180758,-28293273,15.41289
"Handmade Films Ltd.",2,7.38186610437533,19956575,15.4060655
"Mirage Enterprises",16,6.74036363636364,61470370.0625,15.4005830625
"Block 2 Pictures",2,6.17688984881209,36001737,15.340513
"UGC PH",2,5.94787535410765,24600423.5,15.338998
"Instituto de Crédito Oficial (ICO)",3,7.4258221680877,11529790.3333333,15.3278373333333
"Gran Via Productions",7,6.52449764856776,27425277.8571429,15.291292
"Morgan Creek Productions",23,6.24952700275416,18234944.3913043,15.221356173913
"Qwerty Films",6,6.285328422345,-349507.833333333,15.2028825
"AVCO Embassy Pictures",3,6.69914893617021,27202984.6666667,15.1342526666667
"Bristol Bay Productions",3,6.46710382513661,24667006.6666667,15.1207646666667
"Industrial Development Corporation of South Africa",3,7.28429319371728,2459990.33333333,15.0972966666667
"Eden Rock Media",2,7.05950184501845,8057241.5,15.085414
"Storm King Productions",2,5.26279491833031,-16994584,15.0807445
"Brookwell-McNamara Entertainment",2,6.55660036166365,14478252,15.070886
"Tapestry Films",6,5.8743932038835,48817769.1666667,15.0652146666667
"Eyetronics",2,6.36777108433735,-9595522,15.0416695
"Roth-Arnold Productions",2,5.32173913043478,5594452.5,15.0373485
"Intermedia",2,7.09252336448598,-5099413.5,15.007004
"Film Victoria",3,6.35237173281704,-2740964.66666667,14.962593
"Largo Entertainment",4,5.83673870333988,6278934.25,14.9516655
"Nelson Entertainment",2,6.95723370429253,38411773,14.8900415
"Corus Entertainment",4,6.92529182879377,-2885666.25,14.87317075
"Motion Investment Group",2,6.63551401869159,2596534,14.85603
"MID Foundation",2,6.26875,20624335,14.8061335
"Senator Entertainment Co",2,5.40971272229822,-21808913,14.780873
"DreamWorks Pictures",8,6.41500829187396,656477.875,14.76442725
"Intellectual Properties Worldwide",2,5.4216848673947,29114376.5,14.759137
"Mayhem Pictures",3,6.51155913978495,65613991,14.7491103333333
"Seven Arts",2,6.95173267326733,16328411,14.7474925
"Duplass Brothers Productions",3,6.74006888633754,2847367,14.7282366666667
"Manitoba Film and Video Production Tax Credit",3,6.11747815230961,3770952.66666667,14.7120476666667
"EMI Films Ltd.",2,7.73896761133603,27093826.5,14.6673915
"thinkfilm",2,6.46021150033047,404534667.5,14.6630095
"Pierce/Williams Entertainment",2,6.93642857142857,-19750000,14.644
"Joseph M. Singer Entertainment",3,5.15367132867133,86520316.3333333,14.5993473333333
"BBC Films",38,6.88603200841536,13744541.7105263,14.5868522368421
"Det Danske Filminstitut",5,7.43484626647145,4183786,14.5864862
"Samuelson Productions",2,6.10464601769912,-18781065,14.5512045
"Aramid Entertainment Fund",5,6.63033205619413,-3300525.6,14.5460714
"Pain Unlimited GmbH Filmproduktion",2,7.48,6853398.5,14.536839
"Monarch Pictures",2,6.1,13638686.5,14.520082
"Kasdan Pictures",5,5.8088948787062,70243498.4,14.5131644
"Sobini Films",2,5.9,158236,14.434109
"Zucker/Netter Productions",2,7.16531231049121,143104154.5,14.405492
"SCOPE Invest",2,6.21195652173913,0,14.394307
"IFC Films",7,7.34100666173205,8891425.14285714,14.3598894285714
"Groundswell Productions",3,5.98631029986962,6878740,14.346034
"Rainforest Films",5,6.19003285870756,69827565.6,14.345138
"Illuminata Pictures",2,5.91139705882353,-1.7e+07,14.3363875
"nWave Pictures",2,5.91139705882353,-1.7e+07,14.3363875
"Telefilm Canada",2,5.7,-2325773.5,14.326993
"Samson Films",2,6.99308600337268,10275256.5,14.2517035
"Deep River Productions",3,5.24917257683215,30308435.3333333,14.1635383333333
"Andrea Sperling Productions",2,6.24713375796178,-103823.5,14.11125
"Road Rebel",4,5.14985618408437,3921358.5,14.09116
"Class 5 Films",2,6.8984,-13273564,14.090253
"Rysher Entertainment",5,5.84973544973545,363365,14.0591312
"Les Productions du Trésor",3,7.14772727272727,6940381,14.0246893333333
"Fonds Eurimages du Conseil de l'Europe",3,7.19413919413919,-3509638.33333333,14.017579
"Orange Cinéma Séries",2,6.19339207048458,-9500000,14.01277
"Eurimages",7,7.36751459549625,6026332,13.9871354285714
"Mars Films",3,7.05197428833792,-6583333.33333333,13.979034
"Weinstein Company, The",5,6.29459253617669,-7053416.4,13.9728894
"Insurge Pictures",4,5.96908541194256,30354287.75,13.97030175
"Phase 4 Films",2,5.47067448680352,-1934306.5,13.9084925
"Gaylord Films",6,6.74029590948651,11349163,13.9040803333333
"Prescience",2,6.6875,6780137,13.899357
"Rogue",2,5.90481927710843,1841297.5,13.8968895
"The Criterion Collection",6,7.15183486238532,28560102.8333333,13.8796796666667
"El Deseo",2,7.28405797101449,41204747,13.85332
"BIM Distribuzione",6,6.88229043683589,37606985.3333333,13.8281241666667
"Screen Gems, Inc.",2,5.53734939759036,27050077.5,13.816441
"Stonebridge Entertainment",2,6.33479212253829,2570621,13.8089335
"Tohokushinsha Film",2,6.48316690442225,9843317,13.761308
"MHF Zweite Academy Film",3,5.47724137931035,-13626701,13.7304233333333
"Linson Entertainment",3,5.83308383233533,-8739855,13.713995
"Beijing New Picture Film Co. Ltd.",5,7.05402843601896,48113940.2,13.7110642
"Tohokushinsha",2,6.45405405405405,19800000,13.654027
"Walt Disney Television Animation",3,5.93865814696486,80001177.3333333,13.620049
"Ciné@",2,6.32905027932961,-7840509,13.608405
"Hollywood Pictures",28,6.85594550408719,40423956.7857143,13.56675575
"Les Films Alain Sarde",4,7.57194092827004,-6220665.25,13.4735775
"Vía Digital",3,6.24513274336283,5516100,13.4541356666667
"Seven Arts Productions",2,7.22291220556745,5725000,13.4460835
"2929 Productions",12,6.51842610364683,1103273.58333333,13.44307225
"Bel Air Entertainment",7,6.09148936170213,-2558800,13.4357618571429
"Octagon Films",3,6.41243339253996,-1810924.33333333,13.300171
"Caravan Pictures",7,5.6552179656539,414192.285714286,13.2464422857143
"UTV Motion Pictures",3,5.4942429022082,38647033.6666667,13.2421193333333
"Potboiler Productions",5,6.54453711426188,12790324,13.234769
"Fidélité Productions",3,6.31603053435115,2213774.33333333,13.1891693333333
"Cinerenta Medienbeteiligungs KG",6,6.26212121212121,4730399,13.1191118333333
"ContentFilm International",2,6.74960317460318,-9903466,13.1118455
"Fantastic Films",2,5.27005076142132,-2500,13.1060835
"Perdido Prod.",2,6.34762741652021,13792450.5,13.087309
"Artfire Films",2,5.09673202614379,-317571,13.070662
"Baldwin Entertainment Group",5,6.33461829176115,-606976.2,13.0697778
"Corner Store Entertainment",3,6.25040387722132,-7399480.33333333,13.042569
"Stargate Studios",2,6.02301740812379,-39223028,13.036619
"Screen NSW",2,5.88384798099762,-7840509,13.0176645
"Mosfilm",2,7.64407216494845,-10974000,13.01351
"Allied Filmmakers",4,5.74119897959184,-22985506.75,13.01035175
"Lipsync Productions",9,6.6552540913006,-1281162.55555556,12.9870285555556
"Filmfour",4,7.0675965665236,-5701906.5,12.95930675
"Start Motion Pictures",2,5.93900709219858,34127032.5,12.952225
"Wayfare Entertainment",2,5.93900709219858,34127032.5,12.952225
"Cinergi Pictures Entertainment",11,6.61271676300578,9483948.81818182,12.9045173636364
"Jim Henson Company, The",4,6.38542825361513,22273407.75,12.894828
"USA Films",4,6.63393162393162,50585934,12.875014
"CiBy 2000",3,7.3864774624374,27233333.3333333,12.7809003333333
"Outlaw Productions",2,5.96058091286307,53327532.5,12.758188
"Lorimar Film Entertainment",3,6.85678466076696,6479112,12.689837
"Film & Entertainment VIP Medienfonds 4 GmbH & Co. KG (I)",2,6.38483412322275,-20499439.5,12.674694
"Sony Pictures Classics",16,7.10091819699499,15193066,12.6537590625
"Phantom Four",2,5.3572744014733,33937808,12.620796
"Redbus Pictures",2,6.28674698795181,23800000,12.576998
"Yari Film Group",8,6.84923480542195,10024532.75,12.533567125
"Film Science",5,6.73282904689864,-228988.6,12.4975562
"Cold Iron Pictures",2,6.71176470588235,-2761499,12.4917805
"Alcor Films",2,6.18287841191067,23486622,12.484852
"Lions Gate",5,6.12006472491909,11578965,12.437132
"Kintop Pictures",2,6.16874003189793,36539241,12.4299485
"Muskat Filmed Properties",3,6.46525974025974,-438416,12.3937476666667
"France 2 Cinéma",19,6.86168915172796,-1125018.42105263,12.3899899473684
"Starling Films",2,6.22052117263844,-6946020,12.3890975
"Sony Pictures Home Entertainment",2,7.30655737704918,5700358,12.3703075
"Galatée Films",2,7.45739130434783,-7824658.5,12.3665975
"Herold Productions",2,3.66423173803526,-34778596,12.34958
"Casey Silver Productions",5,6.03254098360656,6423496.4,12.329787
"Pathé Distribution",2,4.69552845528455,-33805491,12.301781
"Laurel Entertainment Inc.",2,6.40929577464789,11764377.5,12.1955865
"Trademark Films",2,6.46379928315412,2828854,12.1840615
"Motion Picture Corporation of America",2,5.95128205128205,-6695095,12.1820105
"XYZ Films",4,7.0083950617284,126296.75,12.1512465
"Tollin/Robbins Productions",3,6.97428571428571,17547060.6666667,12.1497986666667
"Shangri-La Entertainment",4,5.55378486055777,19021612.75,12.12300075
"Electric Entertainment",3,5.96016,-13840375.3333333,12.1047196666667
"Cannon Films",4,5.49988492520138,3982997.75,12.092237
"Région Ile-de-France",6,7.22266009852217,-13236977.8333333,12.0721108333333
"Canal+ Droits Audiovisuels",3,5.79222614840989,24380006,11.9867633333333
"MacDonald/Parkes Productions",2,6.82394655704008,49065239,11.941226
"Type A Films",2,5.19350282485876,81824269.5,11.9207545
"Beacon Pictures",8,6.24361393323657,7655416.25,11.902818875
"Wildwood Enterprises",6,6.45304347826087,14290093.8333333,11.8939755
"Nintendo",2,4.70542005420054,12663370,11.8881085
"Likely Story",8,6.8335299073294,4450189.25,11.842235375
"John Wells Productions",6,5.62090823084201,-6101926.33333333,11.8333683333333
"Jean Doumanian Productions",2,6.92625899280576,26512033.5,11.8263795
"VIP 4 Medienfonds",4,6.1794776119403,-21468930.25,11.6955805
"Magnolia Pictures",3,6.48980582524272,-7212633,11.671041
"Vanguard Films",4,5.29586410635155,-6562949.5,11.67009675
"Davis Films",2,6.80960264900662,22441685.5,11.564462
"Holly Wiersma Productions",2,6.319,-3500000,11.553269
"David Kirschner Productions",3,6.67704918032787,-21522760.3333333,11.515404
"Killer Films",9,7.23543271409153,1320871.44444444,11.3930892222222
"Madacy Entertainment",2,5.06728971962617,16807404.5,11.392507
"Diaphana Films",3,7.50143084260731,1417807.33333333,11.3592446666667
"Marianne Productions",2,6.58388278388278,-3625000,11.300527
"Granada Film Productions",4,6.83027718550107,24137133,11.284779
"Kevin Messick Productions",2,6.33031914893617,1443359.5,11.282627
"Scout Productions",2,6.33116591928251,-5099811.5,11.2465655
"Threshold Entertainment",3,4.76266280752533,20215495.6666667,11.2153366666667
"France 3 Cinema",7,6.58389217619987,13782533.2857143,11.212791
"Odyssey Entertainment",3,6.60651162790698,37149744,11.202751
"Vega Film",2,7.43246753246753,-250000,11.1686355
"Out of the Blue... Entertainment",3,5.48063157894737,44206038,11.104586
"Industry Entertainment",5,6.19730941704036,2408670.4,11.0991734
"Tele München Fernseh Produktionsgesellschaft (TMG)",4,5.90305882352941,-2459812.25,11.0920545
"Broken Lizard Industries",3,6.13494539781591,4557995.33333333,11.0793556666667
"Spelling Films",4,6.41334289813486,-4582384.75,11.07529425
"Astral Media",5,7.06990654205608,-2792284,11.0357732
"Fortissimo Films",2,6.06852791878173,1589518.5,11.00953
"Artists Production Group (APG)",3,5.41107438016529,-18468262.6666667,10.9983536666667
"Le Tax Shelter du Gouvernement Fédéral de Belgique",5,5.96597845601436,3169813.4,10.9640694
"Haut et Court",2,6.68285714285714,14407290,10.9318135
"Mindfire Entertainment",2,5.02546296296296,-10259843,10.9229275
"Affirm Films",6,6.33746478873239,23699127.6666667,10.9209793333333
"Andell Entertainment",3,6.47988826815642,18666688.6666667,10.8884916666667
"Toei",2,6.75263157894737,12500000,10.881953
"New World Pictures",5,6.36833527357392,5385304.8,10.8260974
"New South Wales Film & Television Office",2,7.12492211838006,51176437.5,10.8157515
"L.I.F.T. Production",2,6.2,4318845,10.815406
"Revolution Films",7,7.43591626882115,6025213.57142857,10.8134484285714
"Prana Animation Studios",2,5.97393939393939,-24668986.5,10.7741785
"After Dark Films",5,5.09687836383208,-12501646.6,10.7426244
"NALA Films",2,6.28873626373626,3270895,10.7152695
"Media Pro Pictures",2,6.43785310734463,-2145422.5,10.69863
"Scope Pictures",3,6.22671118530885,0,10.696225
"Drafthouse Films",2,6.93663594470046,1651157,10.691978
"Arte France Cinéma",4,6.84393139841689,3326203.5,10.68430025
"Forge",3,6.14522388059702,-14763526.3333333,10.646193
"Paramount Classics",3,6.59327102803738,13715615.3333333,10.6348306666667
"Big Arty Productions",2,7.34124513618677,2898272,10.6070325
"Boll Kino Beteiligungs GmbH & Co. KG",3,4.24375,-23185730.6666667,10.600119
"Furthur Films",3,5.77669902912621,31283892.6666667,10.5978216666667
"Mandalay Vision",3,6.47049180327869,9137440,10.5588853333333
"Yleisradio (YLE)",4,7.26577629382304,-4448300.75,10.54841425
"Blue Star Pictures",2,5.05045045045045,-7738889,10.529628
"Sogepaq",2,7.18588235294118,10937811.5,10.5134235
"Televisión de Galicia (TVG) S.A.",2,7.18588235294118,10937811.5,10.5134235
"Procirep",3,7.54944649446495,-10216439,10.4655546666667
"Franchise Pictures",16,5.69400299850075,-19365411.625,10.43097825
"Hyde Park Films",6,5.34534995206136,18953298.1666667,10.3896415
"Elle Driver",2,5.53377659574468,5349844.5,10.3876345
"Cobalt Media Group",5,6.22505422993492,1066213.4,10.380668
"Premiere Picture",3,6.09718004338395,-9325757.33333333,10.3691326666667
"Serendipity Point Films",7,6.94962025316456,-7868090.14285714,10.3342908571429
"Triggerfish Animation",2,5.55714285714286,-6406312.5,10.321044
"Pathe",4,6.56632124352332,-8407930.75,10.312233
"NFH Productions",2,6.70936555891239,-6974939,10.27392
"Golden Harvest Company",4,6.09521674140508,20997453.5,10.252915
"Tempesta Films",2,6.41076923076923,-11915719,10.23792
"Thinkfilm",4,6.7831746031746,-444213.25,10.17858825
"Vertigo Films",3,6.625,1531457.66666667,10.1375193333333
"Pandora Filmproduktion",4,7.08550512445095,-3752054.25,10.13467025
"Gilbert Films",2,6.44189189189189,8626172.5,10.1183175
"Charles K. Feldman Group",2,7.53223140495868,6106000,10.1147855
"Olympus Pictures",3,6.847583081571,1513126.66666667,10.1123583333333
"Ecosse Films",2,7.03048128342246,10405836,10.0936215
"Midnight Sun Pictures",3,5.99070208728653,-5813058.33333333,10.0420033333333
"Pantelion Films",2,5.92700892857143,41175984.5,10.036329
"Marty Katz Productions",4,6.11111111111111,-31195470.75,10.01924125
"TF1 International",2,5.68484848484848,-10200000,10.0098385
"Isle of Man Film",6,6.00292740046838,-7212152.5,9.92541866666667
"David Ladd Films",2,5.7462962962963,-20140396.5,9.9206765
"Le Studio Canal+",3,5.75170068027211,-40210641.3333333,9.915814
"Australian Film Finance Corporation (AFFC)",6,6.31868787276342,4559419.83333333,9.81067716666667
"Goldwyn Films",2,6.84777070063694,526894,9.780615
"Brightlight Pictures",8,5.08745980707396,-1428736.125,9.7726695
"Paramount",2,6.72183908045977,17375000,9.684282
"Seagal/Nasso Productions",2,5.30967741935484,-337958.5,9.6655035
"Centre National de la Cinématographie",3,6.79711884753902,11397295.3333333,9.66481766666667
"Whizbang Films",2,5.76582278481013,-1125773.5,9.653172
"France Télévision",4,6.7469244288225,10314462.75,9.63190775
"Comedy Central Films",4,6.99883040935672,-2914459.75,9.6262215
"Cineplex-Odeon Films",2,6.94412955465587,421078.5,9.6070295
"N1 European Film Produktions GmbH & Co. KG",4,6.13460317460317,-11359798.5,9.59268425
"Universe Entertainment",2,6.58247011952191,21388380,9.565799
"Ambush Entertainment",2,6.55384615384615,-3587931,9.481902
"Fu Works",2,7.12303206997085,861558,9.460093
"Quinta Communications",4,5.74630053394355,5211724.75,9.4387705
"Rhombus Media",5,6.3292,-5182232,9.370512
"ETIC Films",5,6.15067567567568,-16949351.6,9.370392
"Intandem Films",2,6.23540856031128,-4856804.5,9.36246
"Screen Yorkshire",4,7.18428351309707,-1050864,9.3621555
"Merchant Ivory Productions",4,7.25197889182058,9426116.5,9.3234435
"40 Acres & A Mule Filmworks",19,7.13455699696384,9737929.94736842,9.32223142105263
"Journeyman Pictures",3,6.71680107526882,7839823.66666667,9.29238733333333
"Cattleya",4,6.46547277936963,18253768,9.288607
"HBO Films",5,5.63622222222222,51854188.6,9.2730218
"EM Media",6,7.14089534180278,2741451.83333333,9.26069116666667
"Lou Yi Inc.",2,5.95149051490515,-4106631,9.215918
"Bleiberg Entertainment",3,6.21632653061225,-9343602.33333333,9.18464466666667
"Prelude Pictures",2,5.0933014354067,23769208,9.1792765
"Backup Films",2,5.93475609756098,-8285317.5,9.176565
"Epithète Films",2,6.73894736842105,-21252605.5,9.1573585
"Entertainment Film Distributors",2,6.08179271708683,-2273478.5,9.0847705
"Glass Eye Pix",4,5.9362091503268,-372089.75,9.05636475
"Edmonds Entertainment Group (EEG)",2,5.42542372881356,10505408.5,9.0465675
"Material",2,5.30349206349206,-16356170,9.0208155
"Recorded Picture Company (RPC)",3,6.48544776119403,-408829.666666667,8.985592
"Centre National de la Cinématographie (CNC)",12,6.96086956521739,-7717749.5,8.97746758333333
"Lucky Monkey Pictures",4,5.92262090483619,2038942,8.9293425
"Jonesfilm",2,5.66764705882353,-12632039,8.898911
"Producers Sales Organization (PSO)",2,5.66764705882353,-12632039,8.898911
"Discovery Films",2,7.51013071895425,478989,8.881791
"Les Productions de la Guéville",2,7.16245210727969,-9970081,8.8558425
"Ontario Media Development Corporation (OMDC)",2,5.23220338983051,-18896986,8.846257
"Matador Pictures",3,6.42918552036199,-4383846.66666667,8.80754766666667
"Oscilloscope Laboratories",4,7.2196371398079,-1315873.75,8.793264
"Regent Capital",2,6.69214092140921,5921030.5,8.7899605
"Incorporated Television Company (ITC)",2,6.55335820895522,15916673.5,8.7829925
"Lions Gate Family Entertainment",2,4.74736842105263,-22813147,8.7797575
"Kalis Productions GmbH & Co. Zweite KG",2,5.88536585365854,-13543407.5,8.774782
"Ardustry Entertainment",2,6.45131964809384,164817293,8.7154515
"Future Films",5,6.53593984962406,18062107.6,8.6853884
"Emperor Motion Pictures",2,6.27743190661479,-10296768,8.6706285
"Media Programme of the European Community",2,7.119375,-1253466,8.635292
"Signature Pictures",8,5.1353517364203,-6043578,8.634463
"Boxing Cat Films",3,5.4588679245283,45130838,8.63178666666667
"Golan-Globus",2,5.85380434782609,-12500000,8.6223635
"ANA Media",2,6.41818181818182,-3167465.5,8.6199695
"Fine Line Features",11,7.09681978798587,-1928900.72727273,8.60660854545455
"New Zealand Film Commission",2,7.10826086956522,-13475432.5,8.601961
"Academy Films",2,5.57740963855422,-18312628.5,8.5237305
"Votiv Films",2,6.25173076923077,1561981.5,8.4405455
"Filmula",2,6.62570281124498,-5130683,8.437147
"Manifest Film Company",2,6.07698744769874,9381074,8.389368
"Alliance Atlantis Communications",11,6.81885369532428,7252734.72727273,8.36219227272727
"Hart-Sharp Entertainment",4,7.06392523364486,1147390.5,8.3207615
"Number 9 Films",3,6.33304843304843,-5637869.66666667,8.28790733333333
"Eyescreen S.r.l.",3,7.15592105263158,2075435.33333333,8.25919566666667
"Pathé Films",2,6.24067796610169,9703203,8.2505395
"The Canton Company",3,5.2612,-38007679.3333333,8.250026
"TF1 Droits Audiovisuels",2,7.23217993079585,1455953,8.220566
"Telepool",2,6.07592592592593,-12500000,8.1166255
"National Lottery through UK Film Council",3,6.84237288135593,-7195026.66666667,8.081303
"Myriad Pictures",6,5.77245283018868,5433777.66666667,8.07896916666667
"France 2 (FR2)",2,6.6751269035533,-9500000,8.045052
"MPI Media Group",2,5.84083044982699,-2500,8.0380995
"Ealing Studios",4,6.43592057761733,613957.75,8.02897275
"Brass Hat Films",2,6.44236311239193,-8512770.5,8.0186755
"26 Films",2,6.01691842900302,17815157,7.990994
"Incorporated Television Company",2,6.84754716981132,38328500,7.9775645
"Alliance Entertainment",2,6.12325581395349,4e+05,7.961636
"Echo Lake Productions",3,6.19814814814815,1957322,7.95290033333333
"The Harold Greenberg Fund",4,6.63546218487395,-9177736.5,7.8966085
"KC Medien AG",2,5.14277456647399,-20146886,7.8588505
"Dante Entertainment",2,4.56682692307692,-62043163.5,7.858336
"Persistent Entertainment",2,5.96910828025478,-14003486.5,7.8516785
"Deuce Three Productions",2,5.55075987841945,-13894849,7.791299
"Neo Art & Logic",2,5.37922077922078,2829455,7.790942
"Punch 21 Productions",2,5.53548387096774,-4686314,7.745032
"Warp X",2,5.70229007633588,-164120,7.7434635
"Dino de Laurentiis Cinematografica",4,6.16596306068602,-15334312.75,7.654832
"Hartbeat Productions",2,7.28695652173913,16115453.5,7.6490955
"Screen Australia",8,6.16057248384118,-7498843.5,7.604507875
"Belladonna Productions",2,6.06279069767442,-1908377.5,7.5639745
"Movision",2,6.58982035928144,0,7.5606275
"Egoli Tossell Film AG",2,7.12354740061162,-5967826.5,7.522497
"The Bureau",2,7.28693333333333,-1914449,7.5010995
"Associated General Films",2,6.37823129251701,-2500000,7.462578
"Ignite Entertainment",2,6.44449339207048,0,7.350549
"Dog Eat Dog Films",2,7.31657458563536,19055420.5,7.349873
"Zephyr Films",4,5.70131180625631,-10529082.25,7.3175475
"Barclays Mercantile Industrial Finance",2,6.24438775510204,-1048940.5,7.253533
"Molinare Studios",2,6.26523605150215,-1827500,7.1991315
"Showbox Entertainment",2,5.90801687763713,-8206290.5,7.197369
"CinemaNX",2,6.43712121212121,-13605392.5,7.1925595
"Bórd Scannán na hÉireann",3,6.62541806020067,5719082,7.18879066666667
"Atchity Entertainment International (AEI)",2,5.65121951219512,-30563664.5,7.1189275
"Darius Films",2,6.22014134275618,-1727769,7.1064565
"ContentFilm",4,6.67397590361446,-9474812.5,7.0982775
"Paul Schiff Productions",5,4.27557932263815,4448224,7.0953624
"Stone Group Pictures",2,5.35461847389558,7551358.5,7.053822
"Nix Films",2,5.85,-12185036.5,7.032909
"Shanghai Film Group",2,6.02650602409639,28272851.5,7.0287155
"Metanoia Films",2,6.95,-6789840.5,7.023425
"Goldsmith-Thomas Productions",2,5.6125,-7394506,6.994008
"La Fabrique de Films",2,5.706,-7050000,6.9915295
"Banque Populaire Images 9",2,6.47019867549669,-6816886.5,6.960318
"Bruin Grip Services",2,5.24556962025316,0,6.9572435
"Destination Films",11,6.10263901979265,-3094349.18181818,6.85596981818182
"Arcadia Motion Pictures",3,5.6855614973262,-10772329,6.855551
"Filmkameratene A/S",2,6.68592964824121,329839,6.842645
"Delphi II Productions",2,6.2062893081761,-10209853.5,6.77291
"ITC Entertainment",2,4.6,-7527200,6.678173
"Carthago Films S.a.r.l.",2,5.82510288065844,-209683.5,6.6639935
"Fragile Films",4,6.35854214123007,613957.75,6.65877625
"Homegrown Pictures",2,6.77939393939394,3809356,6.5959275
"TV2 Norge",2,6.58888888888889,-15750000,6.5599895
"Codeblack Entertainment",2,6.33301886792453,0,6.5216745
"Corsan",2,6.26115702479339,-20185893.5,6.4889745
"Battleplan Productions",3,5.86363636363636,-7891853,6.467006
"Weintraub Entertainment Group",2,5.38983957219251,-3073000,6.455307
"Picturehouse Entertainment",2,6.55182926829268,-10013516.5,6.448566
"Signature Entertainment",2,7.00651340996169,40310510.5,6.4471115
"Thin Man Films",5,6.62395604395604,-894047.6,6.4222132
"Plum Pictures",3,5.56518771331058,-964535,6.40190466666667
"Cort/Madden Productions",2,6.15,22826278,6.393494
"Midsummer Films",2,5.22272727272727,-4750000,6.39126
"Pure Flix Entertainment",2,5.81242603550296,2714853.5,6.3724925
"Provident Films",4,6.33633540372671,18392316.25,6.35376525
"Yorktown Productions",2,3.98666666666667,-1.6e+07,6.3428535
"SNL Studios",3,5.66761904761905,1010388.33333333,6.33859133333333
"Esparza / Katz Productions",2,6.82352941176471,32500000,6.2274775
"RKO Pictures",2,5.93112582781457,-4.5e+07,6.171249
"Sweetpea Entertainment",2,5.19887640449438,0,6.1691255
"The Kushner-Locke Company",3,6.24214876033058,-1666666.66666667,6.08813266666667
"Seven Arts Pictures",2,6.56108108108108,-541537.5,6.055678
"Sherwood Pictures",2,6.91299435028249,33239269,6.027554
"Fandango",2,6.67407407407407,610107.5,5.9805935
"Freestyle Releasing",2,5.46185567010309,-11331914,5.9515295
"Mpower Pictures",3,6.29825072886297,-13490698.6666667,5.89637066666667
"SBK Pictures",2,6.17286821705426,-1550012.5,5.821474
"Sil-Metropole Organisation",2,6.4495,-7183729,5.7595665
"Steel Mill Pictures",2,6.35964912280702,0,5.7287675
"Arts Council of England",5,7.31489104116223,19493321.6,5.7142338
"IFC Productions",4,6.18613138686131,413395.5,5.55048225
"France2 Cinéma",2,6.7,-8084326,5.512123
"Brookstreet Pictures",2,5.38910256410256,-1575000,5.3495135
"MACT Productions",2,7.20709677419355,-4401646,5.3440635
"Sweetland Films",2,6.43641304347826,1917565,5.342835
"MDP Worldwide",5,6.03165467625899,-12149237,5.3150912
"Nimbus Film Productions",5,6.7641975308642,-2579427.2,5.312413
"Tokyo FM Broadcasting Co.",2,6.62228915662651,1231147,5.2428905
"Mirabai Films",3,6.52887323943662,3082643.66666667,5.21758666666667
"Sandcastle 5 Productions",2,6.36129032258064,-1.4e+07,5.2030895
"Evenstar Films",2,6.54444444444444,438151,5.165814
"Longfellow Pictures",2,6.21052631578947,-13055527.5,5.155876
"Wanda Visión S.A.",2,6.13444444444445,-11798115.5,5.1257875
"Taewon Entertainment",2,6.2375,0,5.1217955
"Carousel Picture Company, The",3,3.92789699570815,-21348056.6666667,5.104468
"Sigma Films",2,6.93709677419355,-6762541,5.08232
"Tyler Perry Company, The",2,6.15,45254168,5.079161
"October Films",3,6.11174496644295,-375344.333333333,5.037631
"Carnaby International",2,6.01647727272727,9422500,5.033368
"Luxembourg Film Fund",2,3.89565217391304,-17022085,5.0269095
"Baumgarten Merims Productions",2,5.78910891089109,-13247221,5.009688
"Polar Entertainment Corporation",2,5.84660194174757,-5800505.5,4.9362785
"British Screen Productions",2,6.9,29421704.5,4.886771
"ApolloMedia Distribution",5,4.36102236421725,-33819011,4.8858158
"Metropolitan Films",2,6.33768844221106,0,4.861606
"LeBrocquy Fraser Productions",2,6.03076923076923,-9023000,4.856929
"Crusader Entertainment",2,4.912,-37005180,4.6781485
"Vedette Finance",2,4.71794871794872,0,4.667541
"National Lottery",3,6.0710407239819,-2511135.33333333,4.627596
"Rastar Pictures",3,6.7,-5700000,4.58828333333333
"Crystal Sky Worldwide",3,3.64578313253012,6871291,4.58774733333333
"Code Entertainment",2,5.92032520325203,-1072978.5,4.556893
"Odyssey Media",2,4.63576642335766,-9750000,4.444229
"Birchwood Pictures",2,6.52957746478873,-1700000,4.4418215
"Trilogy Entertainment Group",3,5.57641509433962,-6978501.66666667,4.43122133333333
"Arte France",3,5.93882352941177,-5843568,4.358545
"Crossroads Films",2,6.10869565217391,245612,4.3000295
"Noodles Production",2,6.52166666666667,311764,4.2615785
"Silver Nitrate Films",3,4.90886075949367,0,4.238618
"Troma Entertainment",3,6.01295336787565,0,4.123072
"Fonds Sud Cinéma",2,6.57142857142857,-5e+05,4.0921755
"Claussen + Wöbke Filmproduktion GmbH",2,6.395,-1350000,4.0733425
"Les Productions Artistes Associés",2,7.04615384615385,5e+05,4.072154
"Dean River Productions",2,6.54536082474227,0,3.9368585
"Ministère de la Culture et de la Communication",2,6.61010101010101,0,3.9273175
"Grand Peaks Entertainment",2,5.38475609756098,0,3.8889965
"Motown Productions",2,6.17165354330709,6401668.5,3.841045
"Maipo Film- og TV Produksjon",2,6.484375,-250000,3.7797105
"Samuel Bronston Productions",2,6.15652173913043,-10625000,3.7755185
"Pyramide Productions",2,6.55040650406504,-16233.5,3.7752165
"Tax Credit Finance",3,5.83894736842105,-4182307,3.72883033333333
"Inside Track Productions",2,6.87301587301587,-5500000,3.622554
"Tomboy Films",2,7.28051948051948,-1348898,3.4704265
"Svensk Filmindustri (SF)",2,6.35333333333333,-12500000,3.397002
"Ego Film Arts",2,6.34,0,3.386548
"Jim Henson Pictures",2,5.20909090909091,-8500000,3.32596
"Dharma Productions",2,6.81818181818182,23950000,3.3000395
"Yash Raj Films",5,6.97452830188679,6147064,3.2846966
"ARTE",2,6.53275862068965,1305777.5,3.227796
"Le Pacte",2,6.06736842105263,-5e+05,3.1405405
"Egg Pictures",2,6.35760869565217,8759584.5,3.1402325
"Splendid Film",3,5.62039800995025,4956.66666666667,3.13453633333333
"The Bubble Factory",2,5.37076923076923,-12552462,3.121243
"Elevation Filmworks",2,6.35833333333333,-3416333.5,2.991987
"Werc Werk Works",2,5.87692307692308,-1877592,2.706373
"Company Pictures",2,6.67543859649123,0,2.58095
"Woodfall Film Productions",2,5.98,14550000,2.529789
"Eden Wurmfeld Films",2,6.04285714285714,4506712,2.4736185
"Cinémaginaire Inc.",2,6.7,-2283829,2.4054875
"Hollywood Media Bridge",2,3.92127659574468,-2500000,1.896797
"Big Idea Productions",2,6.13404255319149,0,1.6231455
